0,zm_bgb_perkaholic,1,zm_bgb_burned_out,9,,,,,#
1,zm_bgb_perkaholic,1,zm_bgb_dead_of_nuclear_winter,8,,,,,
2,zm_bgb_perkaholic,1,zm_bgb_ephemeral_enhancement,9,,,,,#
3,zm_bgb_perkaholic,1,zm_bgb_licensed_contractor,11,,,,,#
4,zm_bgb_perkaholic,1,zm_bgb_respin_cycle,9,,,,,#
5,zm_bgb_perkaholic,1,zm_bgb_crawl_space,9,,,,,
6,zm_bgb_perkaholic,1,zm_bgb_fatal_contraption,8,,,,,
7,zm_bgb_perkaholic,1,zm_bgb_unbearable,11,,,,,#
8,zm_bgb_perkaholic,1,zm_bgb_disorderly_combat,8,,,,,
9,zm_bgb_perkaholic,1,zm_bgb_undead_man_walking,3,,,,,#
10,zm_bgb_perkaholic,1,zm_bgb_burned_out,5,zm_bgb_bullet_boost,1,,,
11,zm_bgb_perkaholic,1,zm_bgb_dead_of_nuclear_winter,5,zm_bgb_kill_joy,1,,,
12,zm_bgb_perkaholic,1,zm_bgb_ephemeral_enhancement,5,zm_bgb_wall_power,1,,,#
13,zm_bgb_perkaholic,1,zm_bgb_licensed_contractor,6,zm_bgb_crate_power,1,,,
14,zm_bgb_perkaholic,1,zm_bgb_respin_cycle,5,zm_bgb_crate_power,1,,,
15,zm_bgb_perkaholic,1,zm_bgb_crawl_space,5,zm_bgb_bullet_boost,1,,,#
16,zm_bgb_perkaholic,1,zm_bgb_fatal_contraption,5,zm_bgb_fear_in_headlights,1,,,
17,zm_bgb_perkaholic,1,zm_bgb_unbearable,6,zm_bgb_crate_power,1,,,
18,zm_bgb_perkaholic,1,zm_bgb_disorderly_combat,4,zm_bgb_on_the_house,1,,,
19,zm_bgb_perkaholic,1,zm_bgb_im_feelin_lucky,2,zm_bgb_temporal_gift,2,,,
20,zm_bgb_perkaholic,1,zm_bgb_pop_shocks,7,,,,,
21,zm_bgb_perkaholic,1,zm_bgb_slaughter_slide,7,,,,,
22,zm_bgb_perkaholic,1,zm_bgb_immolation_liquidation,7,,,,,
23,zm_bgb_perkaholic,1,zm_bgb_whos_keeping_score,7,,,,,#
24,zm_bgb_perkaholic,1,zm_bgb_mind_blown,7,,,,,#
25,zm_bgb_perkaholic,1,zm_bgb_aftertaste,6,,,,,
26,zm_bgb_perkaholic,1,zm_bgb_phoenix_up,6,,,,,
27,zm_bgb_perkaholic,1,zm_bgb_unquenchable,6,,,,,
28,zm_bgb_perkaholic,1,zm_bgb_kill_joy,3,,,,,
29,zm_bgb_perkaholic,1,zm_bgb_fear_in_headlights,3,,,,,
30,zm_bgb_perkaholic,1,zm_bgb_temporal_gift,3,,,,,
31,zm_bgb_perkaholic,1,zm_bgb_cache_back,2,zm_bgb_ephemeral_enhancement,1,,,
32,zm_bgb_perkaholic,1,zm_bgb_on_the_house,2,zm_bgb_unquenchable,1,,,
33,zm_bgb_perkaholic,1,zm_bgb_wall_power,2,zm_bgb_licensed_contractor,1,,,
34,zm_bgb_perkaholic,1,zm_bgb_crate_power,2,zm_bgb_dead_of_nuclear_winter,1,,,
35,zm_bgb_perkaholic,1,zm_bgb_bullet_boost,2,zm_bgb_unbearable,1,,,#
36,zm_bgb_perkaholic,1,zm_bgb_secret_shopper,1,zm_bgb_head_drama,1,,,#
37,zm_bgb_perkaholic,1,zm_bgb_killing_time,1,zm_bgb_temporal_gift,1,,,
38,zm_bgb_perkaholic,1,zm_bgb_aftertaste,2,zm_bgb_unquenchable,2,zm_bgb_on_the_house,1,
39,zm_bgb_perkaholic,1,zm_bgb_licensed_contractor,2,zm_bgb_undead_man_walking,1,zm_bgb_secret_shopper,1,#
40,zm_bgb_perkaholic,1,zm_bgb_licensed_contractor,3,zm_bgb_ephemeral_enhancement,3,zm_bgb_disorderly_combat,3,#
41,zm_bgb_near_death_experience,1,zm_bgb_burned_out,9,,,,,#
42,zm_bgb_near_death_experience,1,zm_bgb_dead_of_nuclear_winter,8,,,,,
43,zm_bgb_near_death_experience,1,zm_bgb_ephemeral_enhancement,9,,,,,
44,zm_bgb_near_death_experience,1,zm_bgb_licensed_contractor,10,,,,,
45,zm_bgb_near_death_experience,1,zm_bgb_respin_cycle,9,,,,,
46,zm_bgb_near_death_experience,1,zm_bgb_crawl_space,9,,,,,
47,zm_bgb_near_death_experience,1,zm_bgb_fatal_contraption,8,,,,,#
48,zm_bgb_near_death_experience,1,zm_bgb_unbearable,10,,,,,
49,zm_bgb_near_death_experience,1,zm_bgb_disorderly_combat,8,,,,,#
50,zm_bgb_near_death_experience,1,zm_bgb_burned_out,5,zm_bgb_bullet_boost,1,,,
51,zm_bgb_near_death_experience,1,zm_bgb_dead_of_nuclear_winter,5,zm_bgb_kill_joy,1,,,
52,zm_bgb_near_death_experience,1,zm_bgb_ephemeral_enhancement,5,zm_bgb_wall_power,1,,,
53,zm_bgb_near_death_experience,1,zm_bgb_licensed_contractor,5,zm_bgb_crate_power,1,,,
54,zm_bgb_near_death_experience,1,zm_bgb_respin_cycle,5,zm_bgb_crate_power,1,,,#
55,zm_bgb_near_death_experience,1,zm_bgb_crawl_space,5,zm_bgb_bullet_boost,1,,,
56,zm_bgb_near_death_experience,1,zm_bgb_fatal_contraption,5,zm_bgb_fear_in_headlights,1,,,#
57,zm_bgb_near_death_experience,1,zm_bgb_unbearable,5,zm_bgb_crate_power,1,,,
58,zm_bgb_near_death_experience,1,zm_bgb_disorderly_combat,4,zm_bgb_on_the_house,1,,,
59,zm_bgb_near_death_experience,1,zm_bgb_im_feelin_lucky,1,zm_bgb_temporal_gift,2,,,
60,zm_bgb_near_death_experience,1,zm_bgb_pop_shocks,7,,,,,#
61,zm_bgb_near_death_experience,1,zm_bgb_slaughter_slide,7,,,,,
62,zm_bgb_near_death_experience,1,zm_bgb_immolation_liquidation,7,,,,,#
63,zm_bgb_near_death_experience,1,zm_bgb_whos_keeping_score,7,,,,,#
64,zm_bgb_near_death_experience,1,zm_bgb_mind_blown,7,,,,,
65,zm_bgb_near_death_experience,1,zm_bgb_aftertaste,6,,,,,
66,zm_bgb_near_death_experience,1,zm_bgb_phoenix_up,6,,,,,
67,zm_bgb_near_death_experience,1,zm_bgb_unquenchable,6,,,,,
68,zm_bgb_near_death_experience,1,zm_bgb_cache_back,2,zm_bgb_ephemeral_enhancement,1,,,
69,zm_bgb_near_death_experience,1,zm_bgb_wall_power,2,zm_bgb_licensed_contractor,1,,,
70,zm_bgb_near_death_experience,1,zm_bgb_crate_power,2,zm_bgb_dead_of_nuclear_winter,1,,,
71,zm_bgb_near_death_experience,1,zm_bgb_bullet_boost,2,zm_bgb_unbearable,1,,,#
72,zm_bgb_near_death_experience,1,zm_bgb_secret_shopper,1,zm_bgb_head_drama,1,,,
73,zm_bgb_near_death_experience,1,zm_bgb_killing_time,1,zm_bgb_temporal_gift,1,,,#
74,zm_bgb_near_death_experience,1,zm_bgb_phoenix_up,2,zm_bgb_aftertaste,1,zm_bgb_temporal_gift,1,
75,zm_bgb_near_death_experience,1,zm_bgb_phoenix_up,1,zm_bgb_licensed_contractor,3,zm_bgb_head_drama,1,#
76,zm_bgb_self_medication,1,zm_bgb_burned_out,9,,,,,
77,zm_bgb_self_medication,1,zm_bgb_dead_of_nuclear_winter,8,,,,,#
78,zm_bgb_self_medication,1,zm_bgb_ephemeral_enhancement,9,,,,,
79,zm_bgb_self_medication,1,zm_bgb_licensed_contractor,10,,,,,#
80,zm_bgb_self_medication,1,zm_bgb_respin_cycle,9,,,,,
81,zm_bgb_self_medication,1,zm_bgb_crawl_space,9,,,,,
82,zm_bgb_self_medication,1,zm_bgb_fatal_contraption,8,,,,,
83,zm_bgb_self_medication,1,zm_bgb_unbearable,10,,,,,
84,zm_bgb_self_medication,1,zm_bgb_disorderly_combat,8,,,,,
85,zm_bgb_self_medication,1,zm_bgb_burned_out,5,zm_bgb_bullet_boost,1,,,
86,zm_bgb_self_medication,1,zm_bgb_dead_of_nuclear_winter,5,zm_bgb_kill_joy,1,,,
87,zm_bgb_self_medication,1,zm_bgb_ephemeral_enhancement,5,zm_bgb_wall_power,1,,,#
88,zm_bgb_self_medication,1,zm_bgb_licensed_contractor,5,zm_bgb_crate_power,1,,,
89,zm_bgb_self_medication,1,zm_bgb_respin_cycle,5,zm_bgb_crate_power,1,,,#
90,zm_bgb_self_medication,1,zm_bgb_crawl_space,5,zm_bgb_bullet_boost,1,,,
91,zm_bgb_self_medication,1,zm_bgb_fatal_contraption,5,zm_bgb_fear_in_headlights,1,,,
92,zm_bgb_self_medication,1,zm_bgb_unbearable,5,zm_bgb_crate_power,1,,,
93,zm_bgb_self_medication,1,zm_bgb_disorderly_combat,4,zm_bgb_on_the_house,1,,,
94,zm_bgb_self_medication,1,zm_bgb_im_feelin_lucky,1,zm_bgb_temporal_gift,2,,,
95,zm_bgb_self_medication,1,zm_bgb_pop_shocks,7,,,,,
96,zm_bgb_self_medication,1,zm_bgb_slaughter_slide,7,,,,,#
97,zm_bgb_self_medication,1,zm_bgb_immolation_liquidation,7,,,,,#
98,zm_bgb_self_medication,1,zm_bgb_whos_keeping_score,7,,,,,
99,zm_bgb_self_medication,1,zm_bgb_mind_blown,7,,,,,#
100,zm_bgb_self_medication,1,zm_bgb_aftertaste,6,,,,,
101,zm_bgb_self_medication,1,zm_bgb_phoenix_up,6,,,,,
102,zm_bgb_self_medication,1,zm_bgb_unquenchable,6,,,,,#
103,zm_bgb_self_medication,1,zm_bgb_cache_back,2,zm_bgb_ephemeral_enhancement,1,,,
104,zm_bgb_self_medication,1,zm_bgb_wall_power,2,zm_bgb_licensed_contractor,1,,,
105,zm_bgb_self_medication,1,zm_bgb_crate_power,2,zm_bgb_dead_of_nuclear_winter,1,,,
106,zm_bgb_self_medication,1,zm_bgb_bullet_boost,2,zm_bgb_unbearable,1,,,
107,zm_bgb_self_medication,1,zm_bgb_secret_shopper,1,zm_bgb_head_drama,1,,,#
108,zm_bgb_self_medication,1,zm_bgb_killing_time,1,zm_bgb_temporal_gift,1,,,
109,zm_bgb_self_medication,1,zm_bgb_phoenix_up,2,zm_bgb_aftertaste,1,zm_bgb_temporal_gift,1,#
110,zm_bgb_self_medication,1,zm_bgb_phoenix_up,1,zm_bgb_licensed_contractor,3,zm_bgb_head_drama,1,
111,zm_bgb_shopping_free,1,zm_bgb_burned_out,8,,,,,
112,zm_bgb_shopping_free,1,zm_bgb_dead_of_nuclear_winter,7,,,,,
113,zm_bgb_shopping_free,1,zm_bgb_ephemeral_enhancement,8,,,,,#
114,zm_bgb_shopping_free,1,zm_bgb_licensed_contractor,9,,,,,
115,zm_bgb_shopping_free,1,zm_bgb_respin_cycle,8,,,,,
116,zm_bgb_shopping_free,1,zm_bgb_crawl_space,8,,,,,#
117,zm_bgb_shopping_free,1,zm_bgb_fatal_contraption,7,,,,,
118,zm_bgb_shopping_free,1,zm_bgb_unbearable,9,,,,,#
119,zm_bgb_shopping_free,1,zm_bgb_disorderly_combat,7,,,,,
120,zm_bgb_shopping_free,1,zm_bgb_burned_out,4,zm_bgb_bullet_boost,1,,,
121,zm_bgb_shopping_free,1,zm_bgb_dead_of_nuclear_winter,4,zm_bgb_kill_joy,1,,,#
122,zm_bgb_shopping_free,1,zm_bgb_ephemeral_enhancement,4,zm_bgb_wall_power,1,,,
123,zm_bgb_shopping_free,1,zm_bgb_respin_cycle,4,zm_bgb_crate_power,1,,,
124,zm_bgb_shopping_free,1,zm_bgb_crawl_space,4,zm_bgb_bullet_boost,1,,,
125,zm_bgb_shopping_free,1,zm_bgb_fatal_contraption,4,zm_bgb_fear_in_headlights,1,,,#
126,zm_bgb_shopping_free,1,zm_bgb_im_feelin_lucky,1,zm_bgb_temporal_gift,2,,,
127,zm_bgb_shopping_free,1,zm_bgb_pop_shocks,6,,,,,
128,zm_bgb_shopping_free,1,zm_bgb_slaughter_slide,6,,,,,
129,zm_bgb_shopping_free,1,zm_bgb_immolation_liquidation,6,,,,,
130,zm_bgb_shopping_free,1,zm_bgb_whos_keeping_score,6,,,,,
131,zm_bgb_shopping_free,1,zm_bgb_mind_blown,6,,,,,
132,zm_bgb_shopping_free,1,zm_bgb_aftertaste,5,,,,,
133,zm_bgb_shopping_free,1,zm_bgb_phoenix_up,5,,,,,
134,zm_bgb_shopping_free,1,zm_bgb_cache_back,2,,,,,
135,zm_bgb_shopping_free,1,zm_bgb_wall_power,2,,,,,
136,zm_bgb_shopping_free,1,zm_bgb_crate_power,2,,,,,
137,zm_bgb_shopping_free,1,zm_bgb_bullet_boost,2,,,,,
138,zm_bgb_shopping_free,1,zm_bgb_cache_back,1,zm_bgb_secret_shopper,1,,,#
139,zm_bgb_shopping_free,1,zm_bgb_cache_back,1,zm_bgb_on_the_house,1,,,#
140,zm_bgb_shopping_free,1,zm_bgb_cache_back,1,zm_bgb_immolation_liquidation,1,zm_bgb_whos_keeping_score,2,
141,zm_bgb_shopping_free,1,zm_bgb_cache_back,1,zm_bgb_temporal_gift,1,zm_bgb_licensed_contractor,1,
142,zm_bgb_shopping_free,1,zm_bgb_immolation_liquidation,2,zm_bgb_temporal_gift,1,zm_bgb_licensed_contractor,2,#
143,zm_bgb_profit_sharing,1,zm_bgb_burned_out,8,,,,,#
144,zm_bgb_profit_sharing,1,zm_bgb_dead_of_nuclear_winter,7,,,,,
145,zm_bgb_profit_sharing,1,zm_bgb_ephemeral_enhancement,8,,,,,#
146,zm_bgb_profit_sharing,1,zm_bgb_licensed_contractor,9,,,,,
147,zm_bgb_profit_sharing,1,zm_bgb_respin_cycle,8,,,,,
148,zm_bgb_profit_sharing,1,zm_bgb_crawl_space,8,,,,,#
149,zm_bgb_profit_sharing,1,zm_bgb_fatal_contraption,7,,,,,
150,zm_bgb_profit_sharing,1,zm_bgb_unbearable,9,,,,,
151,zm_bgb_profit_sharing,1,zm_bgb_disorderly_combat,7,,,,,
152,zm_bgb_profit_sharing,1,zm_bgb_burned_out,4,zm_bgb_bullet_boost,1,,,#
153,zm_bgb_profit_sharing,1,zm_bgb_dead_of_nuclear_winter,4,zm_bgb_kill_joy,1,,,
154,zm_bgb_profit_sharing,1,zm_bgb_ephemeral_enhancement,4,zm_bgb_wall_power,1,,,
155,zm_bgb_profit_sharing,1,zm_bgb_respin_cycle,4,zm_bgb_crate_power,1,,,#
156,zm_bgb_profit_sharing,1,zm_bgb_crawl_space,4,zm_bgb_bullet_boost,1,,,
157,zm_bgb_profit_sharing,1,zm_bgb_fatal_contraption,4,zm_bgb_fear_in_headlights,1,,,
158,zm_bgb_profit_sharing,1,zm_bgb_im_feelin_lucky,1,zm_bgb_temporal_gift,2,,,#
159,zm_bgb_profit_sharing,1,zm_bgb_pop_shocks,6,,,,,#
160,zm_bgb_profit_sharing,1,zm_bgb_slaughter_slide,6,,,,,
161,zm_bgb_profit_sharing,1,zm_bgb_immolation_liquidation,6,,,,,
162,zm_bgb_profit_sharing,1,zm_bgb_whos_keeping_score,6,,,,,
163,zm_bgb_profit_sharing,1,zm_bgb_mind_blown,6,,,,,
164,zm_bgb_profit_sharing,1,zm_bgb_aftertaste,5,,,,,
165,zm_bgb_profit_sharing,1,zm_bgb_phoenix_up,5,,,,,
166,zm_bgb_profit_sharing,1,zm_bgb_cache_back,2,,,,,
167,zm_bgb_profit_sharing,1,zm_bgb_wall_power,2,,,,,
168,zm_bgb_profit_sharing,1,zm_bgb_crate_power,2,,,,,
169,zm_bgb_profit_sharing,1,zm_bgb_bullet_boost,2,,,,,#
170,zm_bgb_profit_sharing,1,zm_bgb_cache_back,1,zm_bgb_secret_shopper,1,,,
171,zm_bgb_profit_sharing,1,zm_bgb_cache_back,1,zm_bgb_on_the_house,1,,,
172,zm_bgb_profit_sharing,1,zm_bgb_cache_back,1,zm_bgb_immolation_liquidation,1,zm_bgb_whos_keeping_score,2,
173,zm_bgb_profit_sharing,1,zm_bgb_cache_back,1,zm_bgb_temporal_gift,1,zm_bgb_licensed_contractor,1,#
174,zm_bgb_profit_sharing,1,zm_bgb_immolation_liquidation,2,zm_bgb_temporal_gift,1,zm_bgb_licensed_contractor,2,
175,zm_bgb_cache_back,1,zm_bgb_burned_out,4,,,,,
176,zm_bgb_cache_back,1,zm_bgb_dead_of_nuclear_winter,4,,,,,
177,zm_bgb_cache_back,1,zm_bgb_ephemeral_enhancement,4,,,,,
178,zm_bgb_cache_back,1,zm_bgb_licensed_contractor,5,,,,,
179,zm_bgb_cache_back,1,zm_bgb_respin_cycle,4,,,,,
180,zm_bgb_cache_back,1,zm_bgb_crawl_space,4,,,,,
181,zm_bgb_cache_back,1,zm_bgb_fatal_contraption,4,,,,,#
182,zm_bgb_cache_back,1,zm_bgb_unbearable,5,,,,,
183,zm_bgb_cache_back,1,zm_bgb_disorderly_combat,4,,,,,
184,zm_bgb_cache_back,1,zm_bgb_undead_man_walking,1,zm_bgb_immolation_liquidation,1,,,
185,zm_bgb_cache_back,1,zm_bgb_undead_man_walking,1,zm_bgb_im_feelin_lucky,1,,,
186,zm_bgb_cache_back,1,zm_bgb_undead_man_walking,1,zm_bgb_pop_shocks,1,,,
187,zm_bgb_cache_back,1,zm_bgb_fear_in_headlights,1,zm_bgb_burned_out,1,,,
188,zm_bgb_cache_back,1,zm_bgb_fear_in_headlights,1,zm_bgb_dead_of_nuclear_winter,1,,,
189,zm_bgb_cache_back,1,zm_bgb_fear_in_headlights,1,zm_bgb_unbearable,1,,,
190,zm_bgb_cache_back,1,zm_bgb_slaughter_slide,1,zm_bgb_unquenchable,1,zm_bgb_aftertaste,1,#
191,zm_bgb_cache_back,1,zm_bgb_head_drama,1,,,,,#
192,zm_bgb_cache_back,1,zm_bgb_secret_shopper,1,,,,,#
193,zm_bgb_cache_back,3,zm_bgb_round_robbin,2,,,,,#
194,zm_bgb_on_the_house,1,zm_bgb_burned_out,4,,,,,#
195,zm_bgb_on_the_house,1,zm_bgb_dead_of_nuclear_winter,4,,,,,
196,zm_bgb_on_the_house,1,zm_bgb_ephemeral_enhancement,4,,,,,#
197,zm_bgb_on_the_house,1,zm_bgb_licensed_contractor,5,,,,,
198,zm_bgb_on_the_house,1,zm_bgb_respin_cycle,4,,,,,
199,zm_bgb_on_the_house,1,zm_bgb_crawl_space,4,,,,,
200,zm_bgb_on_the_house,1,zm_bgb_fatal_contraption,4,,,,,#
201,zm_bgb_on_the_house,1,zm_bgb_unbearable,5,,,,,
202,zm_bgb_on_the_house,1,zm_bgb_disorderly_combat,4,,,,,
203,zm_bgb_on_the_house,1,zm_bgb_undead_man_walking,1,zm_bgb_immolation_liquidation,1,,,
204,zm_bgb_on_the_house,1,zm_bgb_undead_man_walking,1,zm_bgb_im_feelin_lucky,1,,,
205,zm_bgb_on_the_house,1,zm_bgb_undead_man_walking,1,zm_bgb_pop_shocks,1,,,#
206,zm_bgb_on_the_house,1,zm_bgb_fear_in_headlights,1,zm_bgb_burned_out,1,,,
207,zm_bgb_on_the_house,1,zm_bgb_fear_in_headlights,1,zm_bgb_dead_of_nuclear_winter,1,,,#
208,zm_bgb_on_the_house,1,zm_bgb_fear_in_headlights,1,zm_bgb_unbearable,1,,,
209,zm_bgb_on_the_house,1,zm_bgb_slaughter_slide,1,zm_bgb_unquenchable,1,zm_bgb_aftertaste,1,
210,zm_bgb_on_the_house,1,zm_bgb_head_drama,1,,,,,
211,zm_bgb_on_the_house,1,zm_bgb_secret_shopper,1,,,,,
212,zm_bgb_on_the_house,3,zm_bgb_round_robbin,2,,,,,
213,zm_bgb_wall_power,1,zm_bgb_burned_out,4,,,,,#
214,zm_bgb_wall_power,1,zm_bgb_dead_of_nuclear_winter,4,,,,,
215,zm_bgb_wall_power,1,zm_bgb_ephemeral_enhancement,4,,,,,
216,zm_bgb_wall_power,1,zm_bgb_licensed_contractor,5,,,,,#
217,zm_bgb_wall_power,1,zm_bgb_respin_cycle,4,,,,,
218,zm_bgb_wall_power,1,zm_bgb_crawl_space,4,,,,,
219,zm_bgb_wall_power,1,zm_bgb_fatal_contraption,4,,,,,
220,zm_bgb_wall_power,1,zm_bgb_unbearable,5,,,,,#
221,zm_bgb_wall_power,1,zm_bgb_disorderly_combat,4,,,,,
222,zm_bgb_wall_power,1,zm_bgb_undead_man_walking,1,zm_bgb_immolation_liquidation,1,,,
223,zm_bgb_wall_power,1,zm_bgb_undead_man_walking,1,zm_bgb_im_feelin_lucky,1,,,
224,zm_bgb_wall_power,1,zm_bgb_undead_man_walking,1,zm_bgb_pop_shocks,1,,,
225,zm_bgb_wall_power,1,zm_bgb_fear_in_headlights,1,zm_bgb_burned_out,1,,,
226,zm_bgb_wall_power,1,zm_bgb_fear_in_headlights,1,zm_bgb_dead_of_nuclear_winter,1,,,
227,zm_bgb_wall_power,1,zm_bgb_fear_in_headlights,1,zm_bgb_unbearable,1,,,
228,zm_bgb_wall_power,1,zm_bgb_slaughter_slide,1,zm_bgb_unquenchable,1,zm_bgb_aftertaste,1,#
229,zm_bgb_wall_power,1,zm_bgb_head_drama,1,,,,,
230,zm_bgb_wall_power,1,zm_bgb_secret_shopper,1,,,,,
231,zm_bgb_wall_power,3,zm_bgb_round_robbin,2,,,,,
232,zm_bgb_crate_power,1,zm_bgb_burned_out,4,,,,,
233,zm_bgb_crate_power,1,zm_bgb_dead_of_nuclear_winter,4,,,,,
234,zm_bgb_crate_power,1,zm_bgb_ephemeral_enhancement,4,,,,,
235,zm_bgb_crate_power,1,zm_bgb_licensed_contractor,5,,,,,
236,zm_bgb_crate_power,1,zm_bgb_respin_cycle,4,,,,,#
237,zm_bgb_crate_power,1,zm_bgb_crawl_space,4,,,,,
238,zm_bgb_crate_power,1,zm_bgb_fatal_contraption,4,,,,,#
239,zm_bgb_crate_power,1,zm_bgb_unbearable,5,,,,,#
240,zm_bgb_crate_power,1,zm_bgb_disorderly_combat,4,,,,,
241,zm_bgb_crate_power,1,zm_bgb_undead_man_walking,1,zm_bgb_immolation_liquidation,1,,,
242,zm_bgb_crate_power,1,zm_bgb_undead_man_walking,1,zm_bgb_im_feelin_lucky,1,,,
243,zm_bgb_crate_power,1,zm_bgb_undead_man_walking,1,zm_bgb_pop_shocks,1,,,
244,zm_bgb_crate_power,1,zm_bgb_fear_in_headlights,1,zm_bgb_burned_out,1,,,
245,zm_bgb_crate_power,1,zm_bgb_fear_in_headlights,1,zm_bgb_dead_of_nuclear_winter,1,,,
246,zm_bgb_crate_power,1,zm_bgb_fear_in_headlights,1,zm_bgb_unbearable,1,,,
247,zm_bgb_crate_power,1,zm_bgb_slaughter_slide,1,zm_bgb_unquenchable,1,zm_bgb_aftertaste,1,
248,zm_bgb_crate_power,1,zm_bgb_head_drama,1,,,,,
249,zm_bgb_crate_power,1,zm_bgb_secret_shopper,1,,,,,
250,zm_bgb_crate_power,3,zm_bgb_round_robbin,2,,,,,#
251,zm_bgb_bullet_boost,1,zm_bgb_burned_out,4,,,,,
252,zm_bgb_bullet_boost,1,zm_bgb_dead_of_nuclear_winter,4,,,,,
253,zm_bgb_bullet_boost,1,zm_bgb_ephemeral_enhancement,4,,,,,
254,zm_bgb_bullet_boost,1,zm_bgb_licensed_contractor,5,,,,,#
255,zm_bgb_bullet_boost,1,zm_bgb_respin_cycle,4,,,,,
256,zm_bgb_bullet_boost,1,zm_bgb_crawl_space,4,,,,,#
257,zm_bgb_bullet_boost,1,zm_bgb_fatal_contraption,4,,,,,
258,zm_bgb_bullet_boost,1,zm_bgb_unbearable,5,,,,,
259,zm_bgb_bullet_boost,1,zm_bgb_disorderly_combat,4,,,,,
260,zm_bgb_bullet_boost,1,zm_bgb_undead_man_walking,1,zm_bgb_immolation_liquidation,1,,,#
261,zm_bgb_bullet_boost,1,zm_bgb_undead_man_walking,1,zm_bgb_im_feelin_lucky,1,,,
262,zm_bgb_bullet_boost,1,zm_bgb_undead_man_walking,1,zm_bgb_pop_shocks,1,,,
263,zm_bgb_bullet_boost,1,zm_bgb_fear_in_headlights,1,zm_bgb_burned_out,1,,,
264,zm_bgb_bullet_boost,1,zm_bgb_fear_in_headlights,1,zm_bgb_dead_of_nuclear_winter,1,,,
265,zm_bgb_bullet_boost,1,zm_bgb_fear_in_headlights,1,zm_bgb_unbearable,1,,,#
266,zm_bgb_bullet_boost,1,zm_bgb_slaughter_slide,1,zm_bgb_unquenchable,1,zm_bgb_aftertaste,1,
267,zm_bgb_bullet_boost,1,zm_bgb_head_drama,1,,,,,#
268,zm_bgb_bullet_boost,1,zm_bgb_secret_shopper,1,,,,,
269,zm_bgb_bullet_boost,3,zm_bgb_round_robbin,2,,,,,
270,zm_bgb_kill_joy,1,zm_bgb_burned_out,4,,,,,#
271,zm_bgb_kill_joy,1,zm_bgb_dead_of_nuclear_winter,3,,,,,
272,zm_bgb_kill_joy,1,zm_bgb_ephemeral_enhancement,4,,,,,
273,zm_bgb_kill_joy,1,zm_bgb_licensed_contractor,4,,,,,
274,zm_bgb_kill_joy,1,zm_bgb_respin_cycle,4,,,,,
275,zm_bgb_kill_joy,1,zm_bgb_crawl_space,4,,,,,#
276,zm_bgb_kill_joy,1,zm_bgb_fatal_contraption,3,,,,,
277,zm_bgb_kill_joy,1,zm_bgb_unbearable,4,,,,,
278,zm_bgb_kill_joy,1,zm_bgb_disorderly_combat,3,,,,,
279,zm_bgb_kill_joy,1,zm_bgb_undead_man_walking,1,zm_bgb_licensed_contractor,1,,,
280,zm_bgb_kill_joy,1,zm_bgb_undead_man_walking,1,zm_bgb_unbearable,1,,,#
281,zm_bgb_kill_joy,1,zm_bgb_undead_man_walking,1,zm_bgb_ephemeral_enhancement,1,,,
282,zm_bgb_kill_joy,1,zm_bgb_fear_in_headlights,1,zm_bgb_licensed_contractor,1,,,
283,zm_bgb_kill_joy,1,zm_bgb_fear_in_headlights,1,zm_bgb_unbearable,1,,,#
284,zm_bgb_kill_joy,1,zm_bgb_slaughter_slide,1,zm_bgb_ephemeral_enhancement,1,zm_bgb_aftertaste,1,#
285,zm_bgb_fear_in_headlights,1,zm_bgb_burned_out,4,,,,,
286,zm_bgb_fear_in_headlights,1,zm_bgb_dead_of_nuclear_winter,3,,,,,#
287,zm_bgb_fear_in_headlights,1,zm_bgb_ephemeral_enhancement,4,,,,,
288,zm_bgb_fear_in_headlights,1,zm_bgb_licensed_contractor,4,,,,,#
289,zm_bgb_fear_in_headlights,1,zm_bgb_respin_cycle,4,,,,,
290,zm_bgb_fear_in_headlights,1,zm_bgb_crawl_space,4,,,,,
291,zm_bgb_fear_in_headlights,1,zm_bgb_fatal_contraption,3,,,,,
292,zm_bgb_fear_in_headlights,1,zm_bgb_unbearable,4,,,,,
293,zm_bgb_fear_in_headlights,1,zm_bgb_disorderly_combat,3,,,,,#
294,zm_bgb_fear_in_headlights,1,zm_bgb_undead_man_walking,1,zm_bgb_licensed_contractor,1,,,
295,zm_bgb_fear_in_headlights,1,zm_bgb_undead_man_walking,1,zm_bgb_unbearable,1,,,
296,zm_bgb_fear_in_headlights,1,zm_bgb_undead_man_walking,1,zm_bgb_ephemeral_enhancement,1,,,
297,zm_bgb_fear_in_headlights,1,zm_bgb_temporal_gift,1,zm_bgb_licensed_contractor,1,,,
298,zm_bgb_fear_in_headlights,1,zm_bgb_temporal_gift,1,zm_bgb_unbearable,1,,,
299,zm_bgb_fear_in_headlights,1,zm_bgb_slaughter_slide,1,zm_bgb_crawl_space,1,zm_bgb_aftertaste,1,
300,zm_bgb_temporal_gift,1,zm_bgb_burned_out,4,,,,,
301,zm_bgb_temporal_gift,1,zm_bgb_dead_of_nuclear_winter,3,,,,,#
302,zm_bgb_temporal_gift,1,zm_bgb_ephemeral_enhancement,4,,,,,
303,zm_bgb_temporal_gift,1,zm_bgb_licensed_contractor,4,,,,,
304,zm_bgb_temporal_gift,1,zm_bgb_respin_cycle,4,,,,,#
305,zm_bgb_temporal_gift,1,zm_bgb_crawl_space,4,,,,,
306,zm_bgb_temporal_gift,1,zm_bgb_fatal_contraption,3,,,,,#
307,zm_bgb_temporal_gift,1,zm_bgb_unbearable,4,,,,,
308,zm_bgb_temporal_gift,1,zm_bgb_disorderly_combat,3,,,,,#
309,zm_bgb_temporal_gift,1,zm_bgb_undead_man_walking,1,zm_bgb_licensed_contractor,1,,,
310,zm_bgb_temporal_gift,1,zm_bgb_undead_man_walking,1,zm_bgb_unbearable,1,,,
311,zm_bgb_temporal_gift,1,zm_bgb_undead_man_walking,1,zm_bgb_ephemeral_enhancement,1,,,
312,zm_bgb_temporal_gift,1,zm_bgb_fear_in_headlights,1,zm_bgb_licensed_contractor,1,,,
313,zm_bgb_temporal_gift,1,zm_bgb_fear_in_headlights,1,zm_bgb_unbearable,1,,,#
314,zm_bgb_temporal_gift,1,zm_bgb_slaughter_slide,1,zm_bgb_ephemeral_enhancement,1,zm_bgb_aftertaste,1,#
315,zm_bgb_phoenix_up,1,zm_bgb_licensed_contractor,2,,,,,
316,zm_bgb_phoenix_up,1,zm_bgb_unbearable,2,,,,,
317,zm_bgb_phoenix_up,1,zm_bgb_ephemeral_enhancement,2,,,,,#
318,zm_bgb_phoenix_up,1,zm_bgb_crawl_space,2,,,,,
319,zm_bgb_phoenix_up,2,zm_bgb_im_feelin_lucky,3,,,,,#
320,zm_bgb_phoenix_up,2,zm_bgb_kill_joy,1,,,,,#
321,zm_bgb_phoenix_up,2,zm_bgb_fear_in_headlights,1,,,,,
322,zm_bgb_phoenix_up,2,zm_bgb_temporal_gift,1,,,,,#
323,zm_bgb_phoenix_up,8,zm_bgb_head_drama,3,,,,,
324,zm_bgb_phoenix_up,5,zm_bgb_secret_shopper,2,,,,,
325,zm_bgb_phoenix_up,5,zm_bgb_secret_shopper,1,zm_bgb_head_drama,1,,,#
326,zm_bgb_phoenix_up,3,zm_bgb_killing_time,1,,,,,#
327,zm_bgb_phoenix_up,4,zm_bgb_round_robbin,1,,,,,
328,zm_bgb_phoenix_up,7,zm_bgb_killing_time,1,zm_bgb_round_robbin,1,,,
329,zm_bgb_aftertaste,1,zm_bgb_licensed_contractor,2,,,,,
330,zm_bgb_aftertaste,1,zm_bgb_unbearable,2,,,,,
331,zm_bgb_aftertaste,1,zm_bgb_ephemeral_enhancement,2,,,,,#
332,zm_bgb_aftertaste,1,zm_bgb_crawl_space,2,,,,,#
333,zm_bgb_aftertaste,2,zm_bgb_im_feelin_lucky,3,,,,,
334,zm_bgb_aftertaste,2,zm_bgb_kill_joy,1,,,,,#
335,zm_bgb_aftertaste,2,zm_bgb_fear_in_headlights,1,,,,,#
336,zm_bgb_aftertaste,2,zm_bgb_temporal_gift,1,,,,,
337,zm_bgb_aftertaste,8,zm_bgb_head_drama,3,,,,,#
338,zm_bgb_aftertaste,5,zm_bgb_secret_shopper,2,,,,,#
339,zm_bgb_aftertaste,3,zm_bgb_killing_time,1,,,,,
340,zm_bgb_aftertaste,4,zm_bgb_round_robbin,1,,,,,#
341,zm_bgb_aftertaste,7,zm_bgb_killing_time,1,zm_bgb_round_robbin,1,,,
342,zm_bgb_unquenchable,1,zm_bgb_licensed_contractor,2,,,,,
343,zm_bgb_unquenchable,1,zm_bgb_unbearable,2,,,,,#
344,zm_bgb_unquenchable,1,zm_bgb_ephemeral_enhancement,2,,,,,
345,zm_bgb_unquenchable,1,zm_bgb_crawl_space,2,,,,,#
346,zm_bgb_unquenchable,2,zm_bgb_im_feelin_lucky,3,,,,,
347,zm_bgb_unquenchable,2,zm_bgb_kill_joy,1,,,,,#
348,zm_bgb_unquenchable,2,zm_bgb_fear_in_headlights,1,,,,,
349,zm_bgb_unquenchable,2,zm_bgb_temporal_gift,1,,,,,#
350,zm_bgb_unquenchable,9,zm_bgb_head_drama,3,,,,,
351,zm_bgb_unquenchable,5,zm_bgb_secret_shopper,2,,,,,
352,zm_bgb_unquenchable,6,zm_bgb_secret_shopper,1,zm_bgb_head_drama,1,,,
353,zm_bgb_unquenchable,7,zm_bgb_killing_time,2,,,,,
354,zm_bgb_unquenchable,4,zm_bgb_round_robbin,1,,,,,
355,zm_bgb_whos_keeping_score,1,zm_bgb_licensed_contractor,2,,,,,
356,zm_bgb_whos_keeping_score,1,zm_bgb_unbearable,2,,,,,
357,zm_bgb_whos_keeping_score,3,zm_bgb_ephemeral_enhancement,4,,,,,
358,zm_bgb_whos_keeping_score,3,zm_bgb_crawl_space,4,,,,,
359,zm_bgb_whos_keeping_score,5,zm_bgb_im_feelin_lucky,6,,,,,
360,zm_bgb_whos_keeping_score,5,zm_bgb_kill_joy,2,,,,,
361,zm_bgb_whos_keeping_score,5,zm_bgb_fear_in_headlights,2,,,,,#
362,zm_bgb_whos_keeping_score,5,zm_bgb_temporal_gift,2,,,,,
363,zm_bgb_whos_keeping_score,10,zm_bgb_head_drama,3,,,,,
364,zm_bgb_whos_keeping_score,6,zm_bgb_secret_shopper,2,,,,,#
365,zm_bgb_whos_keeping_score,6,zm_bgb_secret_shopper,1,zm_bgb_head_drama,1,,,
366,zm_bgb_whos_keeping_score,4,zm_bgb_killing_time,1,,,,,#
367,zm_bgb_whos_keeping_score,4,zm_bgb_round_robbin,1,,,,,#
368,zm_bgb_whos_keeping_score,8,zm_bgb_killing_time,1,zm_bgb_round_robbin,1,,,
369,zm_bgb_mind_blown,1,zm_bgb_licensed_contractor,2,,,,,#
370,zm_bgb_mind_blown,1,zm_bgb_unbearable,2,,,,,
371,zm_bgb_mind_blown,3,zm_bgb_ephemeral_enhancement,4,,,,,
372,zm_bgb_mind_blown,3,zm_bgb_crawl_space,4,,,,,
373,zm_bgb_mind_blown,5,zm_bgb_im_feelin_lucky,6,,,,,#
374,zm_bgb_mind_blown,5,zm_bgb_kill_joy,2,,,,,
375,zm_bgb_mind_blown,5,zm_bgb_fear_in_headlights,2,,,,,
376,zm_bgb_mind_blown,5,zm_bgb_temporal_gift,2,,,,,
377,zm_bgb_mind_blown,10,zm_bgb_head_drama,3,,,,,
378,zm_bgb_mind_blown,6,zm_bgb_secret_shopper,2,,,,,
379,zm_bgb_mind_blown,6,zm_bgb_secret_shopper,1,zm_bgb_head_drama,1,,,
380,zm_bgb_mind_blown,4,zm_bgb_killing_time,1,,,,,
381,zm_bgb_mind_blown,4,zm_bgb_round_robbin,1,,,,,#
382,zm_bgb_mind_blown,8,zm_bgb_killing_time,1,zm_bgb_round_robbin,1,,,
383,zm_bgb_im_feelin_lucky,1,zm_bgb_licensed_contractor,2,,,,,
384,zm_bgb_im_feelin_lucky,1,zm_bgb_unbearable,2,,,,,
385,zm_bgb_im_feelin_lucky,3,zm_bgb_ephemeral_enhancement,4,,,,,
386,zm_bgb_im_feelin_lucky,3,zm_bgb_crawl_space,4,,,,,#
387,zm_bgb_im_feelin_lucky,5,zm_bgb_kill_joy,2,,,,,#
388,zm_bgb_im_feelin_lucky,5,zm_bgb_fear_in_headlights,2,,,,,
389,zm_bgb_im_feelin_lucky,5,zm_bgb_temporal_gift,2,,,,,#
390,zm_bgb_im_feelin_lucky,10,zm_bgb_head_drama,3,,,,,
391,zm_bgb_im_feelin_lucky,6,zm_bgb_secret_shopper,2,,,,,
392,zm_bgb_im_feelin_lucky,13,zm_bgb_secret_shopper,2,zm_bgb_head_drama,2,,,
393,zm_bgb_im_feelin_lucky,4,zm_bgb_killing_time,1,,,,,
394,zm_bgb_im_feelin_lucky,9,zm_bgb_round_robbin,2,,,,,
395,zm_bgb_im_feelin_lucky,17,zm_bgb_killing_time,2,zm_bgb_round_robbin,2,,,
396,zm_bgb_pop_shocks,1,zm_bgb_licensed_contractor,2,,,,,
397,zm_bgb_pop_shocks,1,zm_bgb_unbearable,2,,,,,#
398,zm_bgb_pop_shocks,3,zm_bgb_ephemeral_enhancement,4,,,,,
399,zm_bgb_pop_shocks,3,zm_bgb_crawl_space,4,,,,,
400,zm_bgb_pop_shocks,5,zm_bgb_kill_joy,2,,,,,#
401,zm_bgb_pop_shocks,5,zm_bgb_fear_in_headlights,2,,,,,
402,zm_bgb_pop_shocks,5,zm_bgb_temporal_gift,2,,,,,
403,zm_bgb_pop_shocks,10,zm_bgb_head_drama,3,,,,,#
404,zm_bgb_pop_shocks,6,zm_bgb_secret_shopper,2,,,,,
405,zm_bgb_pop_shocks,13,zm_bgb_secret_shopper,2,zm_bgb_head_drama,2,,,
406,zm_bgb_pop_shocks,4,zm_bgb_killing_time,1,,,,,#
407,zm_bgb_pop_shocks,9,zm_bgb_round_robbin,2,,,,,
408,zm_bgb_pop_shocks,17,zm_bgb_killing_time,2,zm_bgb_round_robbin,2,,,
409,zm_bgb_slaughter_slide,1,zm_bgb_licensed_contractor,2,,,,,
410,zm_bgb_slaughter_slide,1,zm_bgb_unbearable,2,,,,,
411,zm_bgb_slaughter_slide,3,zm_bgb_ephemeral_enhancement,4,,,,,
412,zm_bgb_slaughter_slide,3,zm_bgb_crawl_space,4,,,,,#
413,zm_bgb_slaughter_slide,5,zm_bgb_kill_joy,2,,,,,
414,zm_bgb_slaughter_slide,5,zm_bgb_fear_in_headlights,2,,,,,
415,zm_bgb_slaughter_slide,5,zm_bgb_temporal_gift,2,,,,,
416,zm_bgb_slaughter_slide,10,zm_bgb_head_drama,3,,,,,
417,zm_bgb_slaughter_slide,6,zm_bgb_secret_shopper,2,,,,,
418,zm_bgb_slaughter_slide,13,zm_bgb_secret_shopper,2,zm_bgb_head_drama,2,,,#
419,zm_bgb_slaughter_slide,4,zm_bgb_killing_time,1,,,,,#
420,zm_bgb_slaughter_slide,9,zm_bgb_round_robbin,2,,,,,
421,zm_bgb_slaughter_slide,17,zm_bgb_killing_time,2,zm_bgb_round_robbin,2,,,#
422,zm_bgb_immolation_liquidation,1,zm_bgb_licensed_contractor,2,,,,,
423,zm_bgb_immolation_liquidation,1,zm_bgb_unbearable,2,,,,,
424,zm_bgb_immolation_liquidation,1,zm_bgb_ephemeral_enhancement,2,,,,,
425,zm_bgb_immolation_liquidation,1,zm_bgb_crawl_space,2,,,,,
426,zm_bgb_immolation_liquidation,2,zm_bgb_im_feelin_lucky,3,,,,,
427,zm_bgb_immolation_liquidation,2,zm_bgb_kill_joy,1,,,,,
428,zm_bgb_immolation_liquidation,2,zm_bgb_fear_in_headlights,1,,,,,
429,zm_bgb_immolation_liquidation,2,zm_bgb_temporal_gift,1,,,,,
430,zm_bgb_immolation_liquidation,9,zm_bgb_head_drama,3,,,,,
431,zm_bgb_immolation_liquidation,5,zm_bgb_secret_shopper,2,,,,,
432,zm_bgb_immolation_liquidation,6,zm_bgb_secret_shopper,1,zm_bgb_head_drama,1,,,
433,zm_bgb_immolation_liquidation,7,zm_bgb_killing_time,2,,,,,
434,zm_bgb_immolation_liquidation,5,zm_bgb_round_robbin,1,,,,,
435,zm_bgb_round_robbin,1,zm_bgb_burned_out,9,,,,,
436,zm_bgb_round_robbin,1,zm_bgb_dead_of_nuclear_winter,8,,,,,
437,zm_bgb_round_robbin,1,zm_bgb_ephemeral_enhancement,9,,,,,
438,zm_bgb_round_robbin,1,zm_bgb_licensed_contractor,10,,,,,
439,zm_bgb_round_robbin,1,zm_bgb_respin_cycle,9,,,,,
440,zm_bgb_round_robbin,1,zm_bgb_crawl_space,9,,,,,
441,zm_bgb_round_robbin,1,zm_bgb_fatal_contraption,8,,,,,
442,zm_bgb_round_robbin,1,zm_bgb_unbearable,10,,,,,
443,zm_bgb_round_robbin,1,zm_bgb_disorderly_combat,8,,,,,
444,zm_bgb_round_robbin,1,zm_bgb_burned_out,5,zm_bgb_bullet_boost,1,,,
445,zm_bgb_round_robbin,1,zm_bgb_dead_of_nuclear_winter,5,zm_bgb_kill_joy,1,,,
446,zm_bgb_round_robbin,1,zm_bgb_ephemeral_enhancement,5,zm_bgb_wall_power,1,,,
447,zm_bgb_round_robbin,1,zm_bgb_licensed_contractor,5,zm_bgb_crate_power,1,,,
448,zm_bgb_round_robbin,1,zm_bgb_respin_cycle,5,zm_bgb_crate_power,1,,,
449,zm_bgb_round_robbin,1,zm_bgb_crawl_space,5,zm_bgb_bullet_boost,1,,,
450,zm_bgb_round_robbin,1,zm_bgb_fatal_contraption,5,zm_bgb_fear_in_headlights,1,,,
451,zm_bgb_round_robbin,1,zm_bgb_unbearable,5,zm_bgb_crate_power,1,,,
452,zm_bgb_round_robbin,1,zm_bgb_disorderly_combat,4,zm_bgb_on_the_house,1,,,
453,zm_bgb_round_robbin,1,zm_bgb_im_feelin_lucky,1,zm_bgb_temporal_gift,2,,,
454,zm_bgb_round_robbin,1,zm_bgb_pop_shocks,7,,,,,
455,zm_bgb_round_robbin,1,zm_bgb_slaughter_slide,7,,,,,
456,zm_bgb_round_robbin,1,zm_bgb_immolation_liquidation,7,,,,,
457,zm_bgb_round_robbin,1,zm_bgb_whos_keeping_score,7,,,,,
458,zm_bgb_round_robbin,1,zm_bgb_mind_blown,7,,,,,
459,zm_bgb_round_robbin,1,zm_bgb_aftertaste,6,,,,,
460,zm_bgb_round_robbin,1,zm_bgb_phoenix_up,6,,,,,
461,zm_bgb_round_robbin,1,zm_bgb_unquenchable,6,,,,,
462,zm_bgb_round_robbin,1,zm_bgb_cache_back,2,zm_bgb_ephemeral_enhancement,1,,,
463,zm_bgb_round_robbin,1,zm_bgb_wall_power,2,zm_bgb_licensed_contractor,1,,,
464,zm_bgb_round_robbin,1,zm_bgb_crate_power,2,zm_bgb_dead_of_nuclear_winter,1,,,
465,zm_bgb_round_robbin,1,zm_bgb_bullet_boost,2,zm_bgb_unbearable,1,,,
466,zm_bgb_round_robbin,1,zm_bgb_secret_shopper,1,zm_bgb_head_drama,1,,,
467,zm_bgb_round_robbin,1,zm_bgb_killing_time,1,zm_bgb_temporal_gift,1,,,
468,zm_bgb_round_robbin,1,zm_bgb_phoenix_up,2,zm_bgb_aftertaste,1,zm_bgb_temporal_gift,1,
469,zm_bgb_round_robbin,1,zm_bgb_phoenix_up,1,zm_bgb_licensed_contractor,3,zm_bgb_head_drama,1,
470,zm_bgb_perkaholic,1,zm_bgb_board_games,9,,,,,
471,zm_bgb_perkaholic,1,zm_bgb_flavor_hexed,8,,,,,
472,zm_bgb_perkaholic,1,zm_bgb_idle_eyes,8,,,,,
473,zm_bgb_perkaholic,1,zm_bgb_board_to_death,8,,,,,
474,zm_bgb_perkaholic,1,zm_bgb_board_games,5,zm_bgb_board_to_death,4,,,
475,zm_bgb_perkaholic,1,zm_bgb_flavor_hexed,6,zm_bgb_aftertaste,1,,,
476,zm_bgb_near_death_experience,1,zm_bgb_board_games,9,,,,,
477,zm_bgb_near_death_experience,1,zm_bgb_flavor_hexed,7,,,,,
478,zm_bgb_near_death_experience,1,zm_bgb_idle_eyes,8,,,,,
479,zm_bgb_near_death_experience,1,zm_bgb_board_to_death,8,,,,,
480,zm_bgb_near_death_experience,1,zm_bgb_board_games,4,zm_bgb_board_to_death,4,,,
481,zm_bgb_near_death_experience,1,zm_bgb_flavor_hexed,6,zm_bgb_aftertaste,1,,,
482,zm_bgb_self_medication,1,zm_bgb_board_games,9,,,,,
483,zm_bgb_self_medication,1,zm_bgb_flavor_hexed,7,,,,,
484,zm_bgb_self_medication,1,zm_bgb_idle_eyes,8,,,,,
485,zm_bgb_self_medication,1,zm_bgb_board_to_death,8,,,,,
486,zm_bgb_self_medication,1,zm_bgb_board_games,4,zm_bgb_board_to_death,4,,,
487,zm_bgb_self_medication,1,zm_bgb_flavor_hexed,6,zm_bgb_aftertaste,1,,,
488,zm_bgb_shopping_free,1,zm_bgb_board_games,8,,,,,
489,zm_bgb_shopping_free,1,zm_bgb_flavor_hexed,7,,,,,
490,zm_bgb_shopping_free,1,zm_bgb_idle_eyes,7,,,,,
491,zm_bgb_shopping_free,1,zm_bgb_board_to_death,7,,,,,
492,zm_bgb_shopping_free,1,zm_bgb_board_games,3,zm_bgb_board_to_death,4,,,
493,zm_bgb_shopping_free,1,zm_bgb_flavor_hexed,5,zm_bgb_aftertaste,1,,,
494,zm_bgb_profit_sharing,1,zm_bgb_board_games,8,,,,,
495,zm_bgb_profit_sharing,1,zm_bgb_flavor_hexed,7,,,,,
496,zm_bgb_profit_sharing,1,zm_bgb_idle_eyes,7,,,,,
497,zm_bgb_profit_sharing,1,zm_bgb_board_to_death,7,,,,,
498,zm_bgb_profit_sharing,1,zm_bgb_board_games,3,zm_bgb_board_to_death,4,,,
499,zm_bgb_profit_sharing,1,zm_bgb_flavor_hexed,5,zm_bgb_aftertaste,1,,,
500,zm_bgb_round_robbin,1,zm_bgb_board_games,9,,,,,
501,zm_bgb_round_robbin,1,zm_bgb_flavor_hexed,7,,,,,
502,zm_bgb_round_robbin,1,zm_bgb_idle_eyes,8,,,,,
503,zm_bgb_round_robbin,1,zm_bgb_board_to_death,8,,,,,
504,zm_bgb_round_robbin,1,zm_bgb_board_games,4,zm_bgb_board_to_death,4,,,
505,zm_bgb_round_robbin,1,zm_bgb_flavor_hexed,6,zm_bgb_aftertaste,1,,,
506,zm_bgb_cache_back,1,zm_bgb_board_games,5,,,,,
507,zm_bgb_cache_back,1,zm_bgb_flavor_hexed,4,,,,,
508,zm_bgb_cache_back,1,zm_bgb_idle_eyes,4,,,,,
509,zm_bgb_cache_back,1,zm_bgb_board_to_death,4,,,,,
510,zm_bgb_cache_back,1,zm_bgb_board_games,2,zm_bgb_board_to_death,2,,,
511,zm_bgb_cache_back,1,zm_bgb_flavor_hexed,2,zm_bgb_aftertaste,1,,,
512,zm_bgb_on_the_house,1,zm_bgb_board_games,5,,,,,
513,zm_bgb_on_the_house,1,zm_bgb_flavor_hexed,4,,,,,
514,zm_bgb_on_the_house,1,zm_bgb_idle_eyes,4,,,,,
515,zm_bgb_on_the_house,1,zm_bgb_board_to_death,4,,,,,
516,zm_bgb_on_the_house,1,zm_bgb_board_games,2,zm_bgb_board_to_death,2,,,
517,zm_bgb_on_the_house,1,zm_bgb_flavor_hexed,2,zm_bgb_aftertaste,1,,,
518,zm_bgb_wall_power,1,zm_bgb_board_games,5,,,,,
519,zm_bgb_wall_power,1,zm_bgb_flavor_hexed,4,,,,,
520,zm_bgb_wall_power,1,zm_bgb_idle_eyes,4,,,,,
521,zm_bgb_wall_power,1,zm_bgb_board_to_death,4,,,,,
522,zm_bgb_wall_power,1,zm_bgb_board_games,2,zm_bgb_board_to_death,2,,,
523,zm_bgb_wall_power,1,zm_bgb_flavor_hexed,2,zm_bgb_aftertaste,1,,,
524,zm_bgb_crate_power,1,zm_bgb_board_games,5,,,,,
525,zm_bgb_crate_power,1,zm_bgb_flavor_hexed,4,,,,,
526,zm_bgb_crate_power,1,zm_bgb_idle_eyes,4,,,,,
527,zm_bgb_crate_power,1,zm_bgb_board_to_death,4,,,,,
528,zm_bgb_crate_power,1,zm_bgb_board_games,2,zm_bgb_board_to_death,2,,,
529,zm_bgb_crate_power,1,zm_bgb_flavor_hexed,2,zm_bgb_aftertaste,1,,,
530,zm_bgb_bullet_boost,1,zm_bgb_board_games,5,,,,,
531,zm_bgb_bullet_boost,1,zm_bgb_flavor_hexed,4,,,,,
532,zm_bgb_bullet_boost,1,zm_bgb_idle_eyes,4,,,,,
533,zm_bgb_bullet_boost,1,zm_bgb_board_to_death,4,,,,,
534,zm_bgb_bullet_boost,1,zm_bgb_board_games,2,zm_bgb_board_to_death,2,,,
535,zm_bgb_bullet_boost,1,zm_bgb_flavor_hexed,2,zm_bgb_aftertaste,1,,,
536,zm_bgb_kill_joy,1,zm_bgb_board_games,4,,,,,
537,zm_bgb_kill_joy,1,zm_bgb_flavor_hexed,3,,,,,
538,zm_bgb_kill_joy,1,zm_bgb_idle_eyes,3,,,,,
539,zm_bgb_kill_joy,1,zm_bgb_board_to_death,3,,,,,
540,zm_bgb_kill_joy,1,zm_bgb_board_games,2,zm_bgb_board_to_death,2,,,
541,zm_bgb_kill_joy,1,zm_bgb_flavor_hexed,2,zm_bgb_aftertaste,1,,,
542,zm_bgb_fear_in_headlights,1,zm_bgb_board_games,4,,,,,
543,zm_bgb_fear_in_headlights,1,zm_bgb_flavor_hexed,3,,,,,
544,zm_bgb_fear_in_headlights,1,zm_bgb_idle_eyes,3,,,,,
545,zm_bgb_fear_in_headlights,1,zm_bgb_board_to_death,3,,,,,
546,zm_bgb_fear_in_headlights,1,zm_bgb_board_games,2,zm_bgb_board_to_death,2,,,
547,zm_bgb_fear_in_headlights,1,zm_bgb_flavor_hexed,2,zm_bgb_aftertaste,1,,,
548,zm_bgb_temporal_gift,1,zm_bgb_board_games,4,,,,,
549,zm_bgb_temporal_gift,1,zm_bgb_flavor_hexed,3,,,,,
550,zm_bgb_temporal_gift,1,zm_bgb_idle_eyes,3,,,,,
551,zm_bgb_temporal_gift,1,zm_bgb_board_to_death,3,,,,,
552,zm_bgb_temporal_gift,1,zm_bgb_board_games,2,zm_bgb_board_to_death,2,,,
553,zm_bgb_temporal_gift,1,zm_bgb_flavor_hexed,2,zm_bgb_aftertaste,1,,,
554,zm_bgb_phoenix_up,2,zm_bgb_board_games,4,,,,,
555,zm_bgb_phoenix_up,2,zm_bgb_flavor_hexed,3,,,,,
556,zm_bgb_phoenix_up,2,zm_bgb_idle_eyes,3,,,,,
557,zm_bgb_phoenix_up,2,zm_bgb_board_to_death,3,,,,,
558,zm_bgb_phoenix_up,2,zm_bgb_board_games,1,zm_bgb_board_to_death,2,,,
559,zm_bgb_phoenix_up,2,zm_bgb_flavor_hexed,2,zm_bgb_aftertaste,1,,,
560,zm_bgb_aftertaste,2,zm_bgb_board_games,3,,,,,
561,zm_bgb_aftertaste,2,zm_bgb_flavor_hexed,3,,,,,
562,zm_bgb_aftertaste,2,zm_bgb_idle_eyes,3,,,,,
563,zm_bgb_aftertaste,2,zm_bgb_board_to_death,3,,,,,
564,zm_bgb_aftertaste,2,zm_bgb_board_games,1,zm_bgb_board_to_death,2,,,
565,zm_bgb_aftertaste,2,zm_bgb_flavor_hexed,2,zm_bgb_aftertaste,1,,,
566,zm_bgb_unquenchable,2,zm_bgb_board_games,3,,,,,
567,zm_bgb_unquenchable,2,zm_bgb_flavor_hexed,3,,,,,
568,zm_bgb_unquenchable,2,zm_bgb_idle_eyes,3,,,,,
569,zm_bgb_unquenchable,2,zm_bgb_board_to_death,3,,,,,
570,zm_bgb_unquenchable,2,zm_bgb_board_games,1,zm_bgb_board_to_death,2,,,
571,zm_bgb_unquenchable,2,zm_bgb_flavor_hexed,2,zm_bgb_aftertaste,1,,,
572,zm_bgb_immolation_liquidation,2,zm_bgb_board_games,3,,,,,
573,zm_bgb_immolation_liquidation,2,zm_bgb_flavor_hexed,3,,,,,
574,zm_bgb_immolation_liquidation,2,zm_bgb_idle_eyes,3,,,,,
575,zm_bgb_immolation_liquidation,2,zm_bgb_board_to_death,3,,,,,
576,zm_bgb_immolation_liquidation,2,zm_bgb_board_games,1,zm_bgb_board_to_death,2,,,
577,zm_bgb_immolation_liquidation,2,zm_bgb_flavor_hexed,2,zm_bgb_aftertaste,1,,,
578,zm_bgb_power_vacuum,1,zm_bgb_burned_out,8,,,,,
579,zm_bgb_power_vacuum,1,zm_bgb_dead_of_nuclear_winter,7,,,,,
580,zm_bgb_power_vacuum,1,zm_bgb_ephemeral_enhancement,8,,,,,
581,zm_bgb_power_vacuum,1,zm_bgb_licensed_contractor,9,,,,,
582,zm_bgb_power_vacuum,1,zm_bgb_respin_cycle,8,,,,,
583,zm_bgb_power_vacuum,1,zm_bgb_crawl_space,8,,,,,
584,zm_bgb_power_vacuum,1,zm_bgb_fatal_contraption,7,,,,,
585,zm_bgb_power_vacuum,1,zm_bgb_unbearable,9,,,,,
586,zm_bgb_power_vacuum,1,zm_bgb_disorderly_combat,7,,,,,
587,zm_bgb_power_vacuum,1,zm_bgb_burned_out,4,zm_bgb_bullet_boost,1,,,
588,zm_bgb_power_vacuum,1,zm_bgb_dead_of_nuclear_winter,4,zm_bgb_kill_joy,1,,,
589,zm_bgb_power_vacuum,1,zm_bgb_ephemeral_enhancement,4,zm_bgb_wall_power,1,,,
590,zm_bgb_power_vacuum,1,zm_bgb_respin_cycle,4,zm_bgb_crate_power,1,,,
591,zm_bgb_power_vacuum,1,zm_bgb_crawl_space,4,zm_bgb_bullet_boost,1,,,
592,zm_bgb_power_vacuum,1,zm_bgb_fatal_contraption,4,zm_bgb_fear_in_headlights,1,,,
593,zm_bgb_power_vacuum,1,zm_bgb_im_feelin_lucky,1,zm_bgb_temporal_gift,2,,,
594,zm_bgb_power_vacuum,1,zm_bgb_pop_shocks,6,,,,,
595,zm_bgb_power_vacuum,1,zm_bgb_slaughter_slide,6,,,,,
596,zm_bgb_power_vacuum,1,zm_bgb_immolation_liquidation,6,,,,,
597,zm_bgb_power_vacuum,1,zm_bgb_whos_keeping_score,6,,,,,
598,zm_bgb_power_vacuum,1,zm_bgb_mind_blown,6,,,,,
599,zm_bgb_power_vacuum,1,zm_bgb_aftertaste,5,,,,,
600,zm_bgb_power_vacuum,1,zm_bgb_phoenix_up,5,,,,,
601,zm_bgb_power_vacuum,1,zm_bgb_cache_back,2,,,,,
602,zm_bgb_power_vacuum,1,zm_bgb_wall_power,2,,,,,
603,zm_bgb_power_vacuum,1,zm_bgb_crate_power,2,,,,,
604,zm_bgb_power_vacuum,1,zm_bgb_bullet_boost,2,,,,,
605,zm_bgb_power_vacuum,1,zm_bgb_cache_back,1,zm_bgb_secret_shopper,1,,,
606,zm_bgb_power_vacuum,1,zm_bgb_cache_back,1,zm_bgb_on_the_house,1,,,
607,zm_bgb_power_vacuum,1,zm_bgb_cache_back,1,zm_bgb_immolation_liquidation,1,zm_bgb_whos_keeping_score,2,
608,zm_bgb_power_vacuum,1,zm_bgb_cache_back,1,zm_bgb_temporal_gift,1,zm_bgb_licensed_contractor,1,
609,zm_bgb_power_vacuum,1,zm_bgb_immolation_liquidation,2,zm_bgb_temporal_gift,1,zm_bgb_licensed_contractor,2,
610,zm_bgb_power_vacuum,1,zm_bgb_board_games,8,,,,,
611,zm_bgb_power_vacuum,1,zm_bgb_flavor_hexed,7,,,,,
612,zm_bgb_power_vacuum,1,zm_bgb_idle_eyes,7,,,,,
613,zm_bgb_power_vacuum,1,zm_bgb_board_to_death,7,,,,,
614,zm_bgb_power_vacuum,1,zm_bgb_board_games,3,zm_bgb_board_to_death,4,,,
615,zm_bgb_power_vacuum,1,zm_bgb_flavor_hexed,5,zm_bgb_aftertaste,1,,,
616,zm_bgb_reign_drops,1,zm_bgb_burned_out,8,,,,,
617,zm_bgb_reign_drops,1,zm_bgb_dead_of_nuclear_winter,7,,,,,
618,zm_bgb_reign_drops,1,zm_bgb_ephemeral_enhancement,8,,,,,
619,zm_bgb_reign_drops,1,zm_bgb_licensed_contractor,9,,,,,
620,zm_bgb_reign_drops,1,zm_bgb_respin_cycle,8,,,,,
621,zm_bgb_reign_drops,1,zm_bgb_crawl_space,8,,,,,
622,zm_bgb_reign_drops,1,zm_bgb_fatal_contraption,7,,,,,
623,zm_bgb_reign_drops,1,zm_bgb_unbearable,9,,,,,
624,zm_bgb_reign_drops,1,zm_bgb_disorderly_combat,7,,,,,
625,zm_bgb_reign_drops,1,zm_bgb_burned_out,4,zm_bgb_bullet_boost,1,,,
626,zm_bgb_reign_drops,1,zm_bgb_dead_of_nuclear_winter,4,zm_bgb_kill_joy,1,,,
627,zm_bgb_reign_drops,1,zm_bgb_ephemeral_enhancement,4,zm_bgb_wall_power,1,,,
628,zm_bgb_reign_drops,1,zm_bgb_respin_cycle,4,zm_bgb_crate_power,1,,,
629,zm_bgb_reign_drops,1,zm_bgb_crawl_space,4,zm_bgb_bullet_boost,1,,,
630,zm_bgb_reign_drops,1,zm_bgb_fatal_contraption,4,zm_bgb_fear_in_headlights,1,,,
631,zm_bgb_reign_drops,1,zm_bgb_im_feelin_lucky,1,zm_bgb_temporal_gift,2,,,
632,zm_bgb_reign_drops,1,zm_bgb_pop_shocks,6,,,,,
633,zm_bgb_reign_drops,1,zm_bgb_slaughter_slide,6,,,,,
634,zm_bgb_reign_drops,1,zm_bgb_immolation_liquidation,6,,,,,
635,zm_bgb_reign_drops,1,zm_bgb_whos_keeping_score,6,,,,,
636,zm_bgb_reign_drops,1,zm_bgb_mind_blown,6,,,,,
637,zm_bgb_reign_drops,1,zm_bgb_aftertaste,5,,,,,
638,zm_bgb_reign_drops,1,zm_bgb_phoenix_up,5,,,,,
639,zm_bgb_reign_drops,1,zm_bgb_cache_back,2,,,,,
640,zm_bgb_reign_drops,1,zm_bgb_wall_power,2,,,,,
641,zm_bgb_reign_drops,1,zm_bgb_crate_power,2,,,,,
642,zm_bgb_reign_drops,1,zm_bgb_bullet_boost,2,,,,,
643,zm_bgb_reign_drops,1,zm_bgb_cache_back,1,zm_bgb_secret_shopper,1,,,
644,zm_bgb_reign_drops,1,zm_bgb_cache_back,1,zm_bgb_on_the_house,1,,,
645,zm_bgb_reign_drops,1,zm_bgb_cache_back,1,zm_bgb_immolation_liquidation,1,,,
646,zm_bgb_reign_drops,1,zm_bgb_cache_back,1,zm_bgb_temporal_gift,1,,,
647,zm_bgb_reign_drops,1,zm_bgb_immolation_liquidation,2,zm_bgb_temporal_gift,1,,,
648,zm_bgb_reign_drops,1,zm_bgb_board_games,8,,,,,
649,zm_bgb_reign_drops,1,zm_bgb_flavor_hexed,7,,,,,
650,zm_bgb_reign_drops,1,zm_bgb_idle_eyes,7,,,,,
651,zm_bgb_reign_drops,1,zm_bgb_board_to_death,7,,,,,
652,zm_bgb_reign_drops,1,zm_bgb_board_games,3,zm_bgb_board_to_death,4,,,
653,zm_bgb_reign_drops,1,zm_bgb_flavor_hexed,5,zm_bgb_aftertaste,1,,,
654,zm_bgb_extra_credit,1,zm_bgb_burned_out,4,,,,,
655,zm_bgb_extra_credit,1,zm_bgb_dead_of_nuclear_winter,4,,,,,
656,zm_bgb_extra_credit,1,zm_bgb_ephemeral_enhancement,4,,,,,
657,zm_bgb_extra_credit,1,zm_bgb_licensed_contractor,5,,,,,
658,zm_bgb_extra_credit,1,zm_bgb_respin_cycle,4,,,,,
659,zm_bgb_extra_credit,1,zm_bgb_crawl_space,4,,,,,
660,zm_bgb_extra_credit,1,zm_bgb_fatal_contraption,4,,,,,
661,zm_bgb_extra_credit,1,zm_bgb_unbearable,5,,,,,
662,zm_bgb_extra_credit,1,zm_bgb_disorderly_combat,4,,,,,
663,zm_bgb_extra_credit,1,zm_bgb_undead_man_walking,1,zm_bgb_immolation_liquidation,1,,,
664,zm_bgb_extra_credit,1,zm_bgb_undead_man_walking,1,zm_bgb_im_feelin_lucky,1,,,
665,zm_bgb_extra_credit,1,zm_bgb_undead_man_walking,1,zm_bgb_pop_shocks,1,,,
666,zm_bgb_extra_credit,1,zm_bgb_fear_in_headlights,1,zm_bgb_burned_out,1,,,
667,zm_bgb_extra_credit,1,zm_bgb_fear_in_headlights,1,zm_bgb_dead_of_nuclear_winter,1,,,
668,zm_bgb_extra_credit,1,zm_bgb_fear_in_headlights,1,zm_bgb_unbearable,1,,,
669,zm_bgb_extra_credit,1,zm_bgb_slaughter_slide,1,zm_bgb_unquenchable,1,zm_bgb_aftertaste,1,
670,zm_bgb_extra_credit,1,zm_bgb_head_drama,1,,,,,
671,zm_bgb_extra_credit,1,zm_bgb_secret_shopper,1,,,,,
672,zm_bgb_extra_credit,3,zm_bgb_round_robbin,2,,,,,
673,zm_bgb_extra_credit,1,zm_bgb_board_games,5,,,,,
674,zm_bgb_extra_credit,1,zm_bgb_flavor_hexed,4,,,,,
675,zm_bgb_extra_credit,1,zm_bgb_idle_eyes,4,,,,,
676,zm_bgb_extra_credit,1,zm_bgb_board_to_death,4,,,,,
677,zm_bgb_extra_credit,1,zm_bgb_board_games,2,zm_bgb_board_to_death,2,,,
678,zm_bgb_extra_credit,1,zm_bgb_flavor_hexed,2,zm_bgb_aftertaste,1,,,
679,zm_bgb_soda_fountain,1,zm_bgb_burned_out,4,,,,,
680,zm_bgb_soda_fountain,1,zm_bgb_dead_of_nuclear_winter,4,,,,,
681,zm_bgb_soda_fountain,1,zm_bgb_ephemeral_enhancement,4,,,,,
682,zm_bgb_soda_fountain,1,zm_bgb_licensed_contractor,5,,,,,
683,zm_bgb_soda_fountain,1,zm_bgb_respin_cycle,4,,,,,
684,zm_bgb_soda_fountain,1,zm_bgb_crawl_space,4,,,,,
685,zm_bgb_soda_fountain,1,zm_bgb_fatal_contraption,4,,,,,
686,zm_bgb_soda_fountain,1,zm_bgb_unbearable,5,,,,,
687,zm_bgb_soda_fountain,1,zm_bgb_disorderly_combat,4,,,,,
688,zm_bgb_soda_fountain,1,zm_bgb_undead_man_walking,1,zm_bgb_immolation_liquidation,1,,,
689,zm_bgb_soda_fountain,1,zm_bgb_undead_man_walking,1,zm_bgb_im_feelin_lucky,1,,,
690,zm_bgb_soda_fountain,1,zm_bgb_undead_man_walking,1,zm_bgb_pop_shocks,1,,,
691,zm_bgb_soda_fountain,1,zm_bgb_fear_in_headlights,1,zm_bgb_burned_out,1,,,
692,zm_bgb_soda_fountain,1,zm_bgb_fear_in_headlights,1,zm_bgb_dead_of_nuclear_winter,1,,,
693,zm_bgb_soda_fountain,1,zm_bgb_fear_in_headlights,1,zm_bgb_unbearable,1,,,
694,zm_bgb_soda_fountain,1,zm_bgb_slaughter_slide,1,zm_bgb_unquenchable,1,zm_bgb_aftertaste,1,
695,zm_bgb_soda_fountain,1,zm_bgb_head_drama,1,,,,,
696,zm_bgb_soda_fountain,1,zm_bgb_secret_shopper,1,,,,,
697,zm_bgb_soda_fountain,3,zm_bgb_round_robbin,2,,,,,
698,zm_bgb_soda_fountain,1,zm_bgb_board_games,5,,,,,
699,zm_bgb_soda_fountain,1,zm_bgb_flavor_hexed,4,,,,,
700,zm_bgb_soda_fountain,1,zm_bgb_idle_eyes,4,,,,,
701,zm_bgb_soda_fountain,1,zm_bgb_board_to_death,4,,,,,
702,zm_bgb_soda_fountain,1,zm_bgb_board_games,2,zm_bgb_board_to_death,2,,,
703,zm_bgb_soda_fountain,1,zm_bgb_flavor_hexed,2,zm_bgb_aftertaste,1,,,
704,zm_bgb_perkaholic,1,zm_bgb_licensed_contractor,5,,,,,
705,zm_bgb_phoenix_up,1,zm_bgb_ephemeral_enhancement,1,,,,,
706,zm_bgb_shopping_free,1,zm_bgb_burned_out,4,,,,,
707,zm_bgb_near_death_experience,1,zm_bgb_respin_cycle,4,,,,,
708,zm_bgb_profit_sharing,1,zm_bgb_crawl_space,4,,,,,
709,zm_bgb_round_robbin,1,zm_bgb_secret_shopper,1,,,,,
710,zm_bgb_self_medication,1,zm_bgb_head_drama,1,,,,,
711,zm_bgb_unquenchable,1,zm_bgb_unbearable,1,,,,,
712,zm_bgb_on_the_house,3,zm_bgb_killing_time,1,,,,,
713,zm_bgb_aftertaste,3,zm_bgb_dead_of_nuclear_winter,2,,,,,
714,zm_bgb_wall_power,1,zm_bgb_licensed_contractor,3,,,,,
715,zm_bgb_cache_back,1,zm_bgb_ephemeral_enhancement,2,,,,,
716,zm_bgb_crate_power,1,zm_bgb_burned_out,2,,,,,
717,zm_bgb_pop_shocks,3,zm_bgb_respin_cycle,2,,,,,
718,zm_bgb_im_feelin_lucky,3,zm_bgb_crawl_space,2,,,,,
719,zm_bgb_perkaholic,1,zm_bgb_secret_shopper,1,,,,,
720,zm_bgb_phoenix_up,3,zm_bgb_head_drama,1,,,,,
721,zm_bgb_shopping_free,3,zm_bgb_killing_time,2,,,,,
722,zm_bgb_near_death_experience,1,zm_bgb_fatal_contraption,4,,,,,
723,zm_bgb_profit_sharing,1,zm_bgb_dead_of_nuclear_winter,4,,,,,
724,zm_bgb_round_robbin,1,zm_bgb_licensed_contractor,5,,,,,
725,zm_bgb_self_medication,1,zm_bgb_ephemeral_enhancement,5,,,,,
726,zm_bgb_unquenchable,3,zm_bgb_burned_out,2,,,,,
727,zm_bgb_on_the_house,1,zm_bgb_head_drama,1,,,,,
728,zm_bgb_perkaholic,2,zm_bgb_licensed_contractor,10,,,,,
729,zm_bgb_power_vacuum,1,zm_bgb_licensed_contractor,4,,,,,
730,zm_bgb_reign_drops,1,zm_bgb_ephemeral_enhancement,4,,,,,
731,zm_bgb_extra_credit,1,zm_bgb_burned_out,2,,,,,
732,zm_bgb_soda_fountain,1,zm_bgb_respin_cycle,2,,,,,
733,zm_bgb_power_vacuum,1,zm_bgb_secret_shopper,1,,,,,
734,zm_bgb_reign_drops,1,zm_bgb_head_drama,1,,,,,
735,zm_bgb_extra_credit,1,zm_bgb_crawl_space,2,,,,,
736,zm_bgb_soda_fountain,2,zm_bgb_unbearable,5,,,,,
737,zm_bgb_bullet_boost,1,zm_bgb_unbearable,5,,,,,
738,zm_bgb_bullet_boost,2,zm_bgb_secret_shopper,1,,,,,
739,zm_bgb_immolation_liquidation,3,zm_bgb_head_drama,2,,,,,
740,zm_bgb_immolation_liquidation,7,zm_bgb_killing_time,1,,,,,
