a0,b1,c2,d3,e4,f5,g6,h7,i8,j9,k10,l11,m12,n13,o14,p15,q16,r17,s18,t19,u20,v21,w22,x23,y24
512,0,5,weapon_pistol,headshots,CHALLENGE_WEAPON_HEADSHOTS,250,,,camo_jungletek,,,,pistol_standard pistol_burst pistol_fullauto,,,,,,,,,,,
513,1,10,weapon_pistol,headshots,CHALLENGE_WEAPON_HEADSHOTS,500,,,camo_ash,,,,pistol_standard pistol_burst pistol_fullauto,,,,,,,,,,,
514,2,15,weapon_pistol,headshots,CHALLENGE_WEAPON_HEADSHOTS,750,,,camo_flectarn,,,,pistol_standard pistol_burst pistol_fullauto,,,,,,,,,,,
515,3,20,weapon_pistol,headshots,CHALLENGE_WEAPON_HEADSHOTS,1000,,,camo_heatstroke,,,,pistol_standard pistol_burst pistol_fullauto,,,,,,,,,,,
516,4,30,weapon_pistol,headshots,CHALLENGE_WEAPON_HEADSHOTS,1500,,,camo_snowjob,,,,pistol_standard pistol_burst pistol_fullauto,,,,,,,,,,,
517,5,40,weapon_pistol,headshots,CHALLENGE_WEAPON_HEADSHOTS,2000,,,camo_dante,,,,pistol_standard pistol_burst pistol_fullauto,,,,,,,,,,,
518,6,50,weapon_pistol,headshots,CHALLENGE_WEAPON_HEADSHOTS,2500,,,camo_integer,,,,pistol_standard pistol_burst pistol_fullauto,,,,,,,,,,,
519,7,75,weapon_pistol,headshots,CHALLENGE_WEAPON_HEADSHOTS,3500,,,camo_speed6,,,,pistol_standard pistol_burst pistol_fullauto,,,,,,,,,,,
520,8,100,weapon_pistol,headshots,CHALLENGE_WEAPON_HEADSHOTS,5000,,,camo_interpol,challenges,,,pistol_standard pistol_burst pistol_fullauto,,,,,,,,,,,
521,0,10,weapon_pistol,longshot_kill,CHALLENGE_WEAPON_LONGSHOTS,2500,520,,camo_ardent,challenges,,,pistol_standard pistol_burst pistol_fullauto,,,,,,,,,,,
522,0,50,weapon_pistol,noAttKills,CHALLENGE_WEAPON_NOATTACHMENT,2500,520,,camo_burnt,challenges,,,pistol_standard pistol_burst pistol_fullauto,,,,,,,,,,,
523,0,50,weapon_pistol,noPerkKills,CHALLENGE_WEAPON_NOPERKS,2500,520,,camo_bliss,challenges,,,pistol_standard pistol_burst pistol_fullauto,,,,,,,,,,,
524,0,5,weapon_pistol,multikill_2,CHALLENGE_WEAPON_DOUBLEKILL,2500,520,,camo_artofwar_battle,challenges,,,pistol_standard pistol_burst pistol_fullauto,,,,,,,,,,,
525,0,5,weapon_pistol,killstreak_5,CHALLENGE_WEAPON_BLOODTHIRSTY,2500,520,,camo_chameleon,challenges,,,pistol_standard pistol_burst pistol_fullauto,,,,,,,,,,,
526,0,6,weapon_pistol,challenges,CHALLENGE_MASTERY_EXPERT,5000,,,camo_gold,challenges,,em_back_expert_,pistol_standard pistol_burst pistol_fullauto,,,,,,,1,,,,
527,0,5,weapon_smg,headshots,CHALLENGE_WEAPON_HEADSHOTS,250,,,camo_jungletek,,,,smg_standard smg_burst smg_fastfire smg_longrange smg_versatile smg_capacity,,,,,,,,,,,
528,1,10,weapon_smg,headshots,CHALLENGE_WEAPON_HEADSHOTS,500,,,camo_ash,,,,smg_standard smg_burst smg_fastfire smg_longrange smg_versatile smg_capacity,,,,,,,,,,,
529,2,15,weapon_smg,headshots,CHALLENGE_WEAPON_HEADSHOTS,750,,,camo_flectarn,,,,smg_standard smg_burst smg_fastfire smg_longrange smg_versatile smg_capacity,,,,,,,,,,,
530,3,20,weapon_smg,headshots,CHALLENGE_WEAPON_HEADSHOTS,1000,,,camo_heatstroke,,,,smg_standard smg_burst smg_fastfire smg_longrange smg_versatile smg_capacity,,,,,,,,,,,
531,4,30,weapon_smg,headshots,CHALLENGE_WEAPON_HEADSHOTS,1500,,,camo_snowjob,,,,smg_standard smg_burst smg_fastfire smg_longrange smg_versatile smg_capacity,,,,,,,,,,,
532,5,40,weapon_smg,headshots,CHALLENGE_WEAPON_HEADSHOTS,2000,,,camo_dante,,,,smg_standard smg_burst smg_fastfire smg_longrange smg_versatile smg_capacity,,,,,,,,,,,
533,6,50,weapon_smg,headshots,CHALLENGE_WEAPON_HEADSHOTS,2500,,,camo_integer,,,,smg_standard smg_burst smg_fastfire smg_longrange smg_versatile smg_capacity,,,,,,,,,,,
534,7,75,weapon_smg,headshots,CHALLENGE_WEAPON_HEADSHOTS,3500,,,camo_speed6,,,,smg_standard smg_burst smg_fastfire smg_longrange smg_versatile smg_capacity,,,,,,,,,,,
535,8,100,weapon_smg,headshots,CHALLENGE_WEAPON_HEADSHOTS,5000,,,camo_interpol,challenges,,,smg_standard smg_burst smg_fastfire smg_longrange smg_versatile smg_capacity,,,,,,,,,,,
536,0,10,weapon_smg,revenge_kill,CHALLENGE_WEAPON_REVENGE,2500,535,,camo_ardent,challenges,,,smg_standard smg_burst smg_fastfire smg_longrange smg_versatile smg_capacity,,,,,,,,,,,
537,0,50,weapon_smg,noAttKills,CHALLENGE_WEAPON_NOATTACHMENT,2500,535,,camo_burnt,challenges,,,smg_standard smg_burst smg_fastfire smg_longrange smg_versatile smg_capacity,,,,,,,,,,,
538,0,50,weapon_smg,loadedKills,CHALLENGE_WEAPON_LOADEDKILLS,2500,535,,camo_bliss,challenges,,,smg_standard smg_burst smg_fastfire smg_longrange smg_versatile smg_capacity,,,,,,,,,,,
539,0,5,weapon_smg,multikill_2,CHALLENGE_WEAPON_DOUBLEKILL,2500,535,,camo_artofwar_battle,challenges,,,smg_standard smg_burst smg_fastfire smg_longrange smg_versatile smg_capacity,,,,,,,,,,,
540,0,5,weapon_smg,killstreak_5,CHALLENGE_WEAPON_BLOODTHIRSTY,2500,535,,camo_chameleon,challenges,,,smg_standard smg_burst smg_fastfire smg_longrange smg_versatile smg_capacity,,,,,,,,,,,
541,0,6,weapon_smg,challenges,CHALLENGE_MASTERY_EXPERT,5000,,,camo_gold,challenges,,em_back_expert_,smg_standard smg_burst smg_fastfire smg_longrange smg_versatile smg_capacity,,,,,,,1,,,,
542,0,5,weapon_assault,headshots,CHALLENGE_WEAPON_HEADSHOTS,250,,,camo_jungletek,,,,ar_standard ar_accurate ar_cqb ar_damage ar_fastburst ar_longburst ar_marksman,,,,,,,,,,,
543,1,10,weapon_assault,headshots,CHALLENGE_WEAPON_HEADSHOTS,500,,,camo_ash,,,,ar_standard ar_accurate ar_cqb ar_damage ar_fastburst ar_longburst ar_marksman,,,,,,,,,,,
544,2,15,weapon_assault,headshots,CHALLENGE_WEAPON_HEADSHOTS,750,,,camo_flectarn,,,,ar_standard ar_accurate ar_cqb ar_damage ar_fastburst ar_longburst ar_marksman,,,,,,,,,,,
545,3,20,weapon_assault,headshots,CHALLENGE_WEAPON_HEADSHOTS,1000,,,camo_heatstroke,,,,ar_standard ar_accurate ar_cqb ar_damage ar_fastburst ar_longburst ar_marksman,,,,,,,,,,,
546,4,30,weapon_assault,headshots,CHALLENGE_WEAPON_HEADSHOTS,1500,,,camo_snowjob,,,,ar_standard ar_accurate ar_cqb ar_damage ar_fastburst ar_longburst ar_marksman,,,,,,,,,,,
547,5,40,weapon_assault,headshots,CHALLENGE_WEAPON_HEADSHOTS,2000,,,camo_dante,,,,ar_standard ar_accurate ar_cqb ar_damage ar_fastburst ar_longburst ar_marksman,,,,,,,,,,,
548,6,50,weapon_assault,headshots,CHALLENGE_WEAPON_HEADSHOTS,2500,,,camo_integer,,,,ar_standard ar_accurate ar_cqb ar_damage ar_fastburst ar_longburst ar_marksman,,,,,,,,,,,
549,7,75,weapon_assault,headshots,CHALLENGE_WEAPON_HEADSHOTS,3500,,,camo_speed6,,,,ar_standard ar_accurate ar_cqb ar_damage ar_fastburst ar_longburst ar_marksman,,,,,,,,,,,
550,8,100,weapon_assault,headshots,CHALLENGE_WEAPON_HEADSHOTS,5000,,,camo_interpol,challenges,,,ar_standard ar_accurate ar_cqb ar_damage ar_fastburst ar_longburst ar_marksman,,,,,,,,,,,
551,0,10,weapon_assault,longshot_kill,CHALLENGE_WEAPON_LONGSHOTS,2500,550,,camo_ardent,challenges,,,ar_standard ar_accurate ar_cqb ar_damage ar_fastburst ar_longburst ar_marksman,,,,,,,,,,,
552,0,50,weapon_assault,noAttKills,CHALLENGE_WEAPON_NOATTACHMENT,2500,550,,camo_burnt,challenges,,,ar_standard ar_accurate ar_cqb ar_damage ar_fastburst ar_longburst ar_marksman,,,,,,,,,,,
553,0,50,weapon_assault,loadedKills,CHALLENGE_WEAPON_LOADEDKILLS,2500,550,,camo_bliss,challenges,,,ar_standard ar_accurate ar_cqb ar_damage ar_fastburst ar_longburst ar_marksman,,,,,,,,,,,
554,0,5,weapon_assault,multikill_2,CHALLENGE_WEAPON_DOUBLEKILL,2500,550,,camo_artofwar_battle,challenges,,,ar_standard ar_accurate ar_cqb ar_damage ar_fastburst ar_longburst ar_marksman,,,,,,,,,,,
555,0,5,weapon_assault,killstreak_5,CHALLENGE_WEAPON_BLOODTHIRSTY,2500,550,,camo_chameleon,challenges,,,ar_standard ar_accurate ar_cqb ar_damage ar_fastburst ar_longburst ar_marksman,,,,,,,,,,,
556,0,6,weapon_assault,challenges,CHALLENGE_MASTERY_EXPERT,5000,,,camo_gold,challenges,,em_back_expert_,ar_standard ar_accurate ar_cqb ar_damage ar_fastburst ar_longburst ar_marksman,,,,,,,1,,,,
557,0,5,weapon_lmg,headshots,CHALLENGE_WEAPON_HEADSHOTS,250,,,camo_jungletek,,,,lmg_cqb lmg_heavy lmg_light lmg_slowfire,,,,,,,,,,,
558,1,10,weapon_lmg,headshots,CHALLENGE_WEAPON_HEADSHOTS,500,,,camo_ash,,,,lmg_cqb lmg_heavy lmg_light lmg_slowfire,,,,,,,,,,,
559,2,15,weapon_lmg,headshots,CHALLENGE_WEAPON_HEADSHOTS,750,,,camo_flectarn,,,,lmg_cqb lmg_heavy lmg_light lmg_slowfire,,,,,,,,,,,
560,3,20,weapon_lmg,headshots,CHALLENGE_WEAPON_HEADSHOTS,1000,,,camo_heatstroke,,,,lmg_cqb lmg_heavy lmg_light lmg_slowfire,,,,,,,,,,,
561,4,30,weapon_lmg,headshots,CHALLENGE_WEAPON_HEADSHOTS,1500,,,camo_snowjob,,,,lmg_cqb lmg_heavy lmg_light lmg_slowfire,,,,,,,,,,,
562,5,40,weapon_lmg,headshots,CHALLENGE_WEAPON_HEADSHOTS,2000,,,camo_dante,,,,lmg_cqb lmg_heavy lmg_light lmg_slowfire,,,,,,,,,,,
563,6,50,weapon_lmg,headshots,CHALLENGE_WEAPON_HEADSHOTS,2500,,,camo_integer,,,,lmg_cqb lmg_heavy lmg_light lmg_slowfire,,,,,,,,,,,
564,7,75,weapon_lmg,headshots,CHALLENGE_WEAPON_HEADSHOTS,3500,,,camo_speed6,,,,lmg_cqb lmg_heavy lmg_light lmg_slowfire,,,,,,,,,,,
565,8,100,weapon_lmg,headshots,CHALLENGE_WEAPON_HEADSHOTS,5000,,,camo_interpol,challenges,,,lmg_cqb lmg_heavy lmg_light lmg_slowfire,,,,,,,,,,,
566,0,10,weapon_lmg,revenge_kill,CHALLENGE_WEAPON_REVENGE,2500,565,,camo_ardent,challenges,,,lmg_cqb lmg_heavy lmg_light lmg_slowfire,,,,,,,,,,,
567,0,50,weapon_lmg,noAttKills,CHALLENGE_WEAPON_NOATTACHMENT,2500,565,,camo_burnt,challenges,,,lmg_cqb lmg_heavy lmg_light lmg_slowfire,,,,,,,,,,,
568,0,50,weapon_lmg,loadedKills,CHALLENGE_WEAPON_LOADEDKILLS,2500,565,,camo_bliss,challenges,,,lmg_cqb lmg_heavy lmg_light lmg_slowfire,,,,,,,,,,,
569,0,5,weapon_lmg,multikill_2,CHALLENGE_WEAPON_DOUBLEKILL,2500,565,,camo_artofwar_battle,challenges,,,lmg_cqb lmg_heavy lmg_light lmg_slowfire,,,,,,,,,,,
570,0,5,weapon_lmg,killstreak_5,CHALLENGE_WEAPON_BLOODTHIRSTY,2500,565,,camo_chameleon,challenges,,,lmg_cqb lmg_heavy lmg_light lmg_slowfire,,,,,,,,,,,
571,0,6,weapon_lmg,challenges,CHALLENGE_MASTERY_EXPERT,5000,,,camo_gold,challenges,,em_back_expert_,lmg_cqb lmg_heavy lmg_light lmg_slowfire,,,,,,,1,,,,
572,0,5,weapon_cqb,kill_enemy_one_bullet_shotgun,CHALLENGE_WEAPON_ONE_BULLET_SHOTGUN,250,,,camo_jungletek,,,,shotgun_precision shotgun_pump,,,,,,,,,,,
573,1,10,weapon_cqb,kill_enemy_one_bullet_shotgun,CHALLENGE_WEAPON_ONE_BULLET_SHOTGUN,500,,,camo_ash,,,,shotgun_precision shotgun_pump,,,,,,,,,,,
574,2,15,weapon_cqb,kill_enemy_one_bullet_shotgun,CHALLENGE_WEAPON_ONE_BULLET_SHOTGUN,750,,,camo_flectarn,,,,shotgun_precision shotgun_pump,,,,,,,,,,,
575,3,20,weapon_cqb,kill_enemy_one_bullet_shotgun,CHALLENGE_WEAPON_ONE_BULLET_SHOTGUN,1000,,,camo_heatstroke,,,,shotgun_precision shotgun_pump,,,,,,,,,,,
576,4,30,weapon_cqb,kill_enemy_one_bullet_shotgun,CHALLENGE_WEAPON_ONE_BULLET_SHOTGUN,1500,,,camo_snowjob,,,,shotgun_precision shotgun_pump,,,,,,,,,,,
577,5,40,weapon_cqb,kill_enemy_one_bullet_shotgun,CHALLENGE_WEAPON_ONE_BULLET_SHOTGUN,2000,,,camo_dante,,,,shotgun_precision shotgun_pump,,,,,,,,,,,
578,6,50,weapon_cqb,kill_enemy_one_bullet_shotgun,CHALLENGE_WEAPON_ONE_BULLET_SHOTGUN,2500,,,camo_integer,,,,shotgun_precision shotgun_pump,,,,,,,,,,,
579,7,75,weapon_cqb,kill_enemy_one_bullet_shotgun,CHALLENGE_WEAPON_ONE_BULLET_SHOTGUN,3500,,,camo_speed6,,,,shotgun_precision shotgun_pump,,,,,,,,,,,
580,8,100,weapon_cqb,kill_enemy_one_bullet_shotgun,CHALLENGE_WEAPON_ONE_BULLET_SHOTGUN,5000,,,camo_interpol,challenges,,,shotgun_precision shotgun_pump,,,,,,,,,,,
581,0,10,weapon_cqb,revenge_kill,CHALLENGE_WEAPON_REVENGE,2500,580,,camo_ardent,challenges,,,shotgun_precision shotgun_pump,,,,,,,,,,,
582,0,50,weapon_cqb,noAttKills,CHALLENGE_WEAPON_NOATTACHMENT,2500,580,,camo_burnt,challenges,,,shotgun_precision shotgun_pump,,,,,,,,,,,
583,0,50,weapon_cqb,loadedKills,CHALLENGE_WEAPON_LOADEDKILLS,2500,580,,camo_bliss,challenges,,,shotgun_precision shotgun_pump,,,,,,,,,,,
584,0,5,weapon_cqb,multikill_2,CHALLENGE_WEAPON_DOUBLEKILL,2500,580,,camo_artofwar_battle,challenges,,,shotgun_precision shotgun_pump,,,,,,,,,,,
585,0,5,weapon_cqb,killstreak_5,CHALLENGE_WEAPON_BLOODTHIRSTY,2500,580,,camo_chameleon,challenges,,,shotgun_precision shotgun_pump,,,,,,,,,,,
586,0,6,weapon_cqb,challenges,CHALLENGE_MASTERY_EXPERT,5000,,,camo_gold,challenges,,em_back_expert_,shotgun_precision shotgun_pump,,,,,,,1,,,,
587,0,5,weapon_cqb,headshots,CHALLENGE_WEAPON_HEADSHOTS,250,,,camo_jungletek,,,,shotgun_fullauto shotgun_semiauto,,,,,,,,,,,
588,1,10,weapon_cqb,headshots,CHALLENGE_WEAPON_HEADSHOTS,500,,,camo_ash,,,,shotgun_fullauto shotgun_semiauto,,,,,,,,,,,
589,2,15,weapon_cqb,headshots,CHALLENGE_WEAPON_HEADSHOTS,750,,,camo_flectarn,,,,shotgun_fullauto shotgun_semiauto,,,,,,,,,,,
590,3,20,weapon_cqb,headshots,CHALLENGE_WEAPON_HEADSHOTS,1000,,,camo_heatstroke,,,,shotgun_fullauto shotgun_semiauto,,,,,,,,,,,
591,4,30,weapon_cqb,headshots,CHALLENGE_WEAPON_HEADSHOTS,1500,,,camo_snowjob,,,,shotgun_fullauto shotgun_semiauto,,,,,,,,,,,
592,5,40,weapon_cqb,headshots,CHALLENGE_WEAPON_HEADSHOTS,2000,,,camo_dante,,,,shotgun_fullauto shotgun_semiauto,,,,,,,,,,,
593,6,50,weapon_cqb,headshots,CHALLENGE_WEAPON_HEADSHOTS,2500,,,camo_integer,,,,shotgun_fullauto shotgun_semiauto,,,,,,,,,,,
594,7,75,weapon_cqb,headshots,CHALLENGE_WEAPON_HEADSHOTS,3500,,,camo_speed6,,,,shotgun_fullauto shotgun_semiauto,,,,,,,,,,,
595,8,100,weapon_cqb,headshots,CHALLENGE_WEAPON_HEADSHOTS,5000,,,camo_interpol,challenges,,,shotgun_fullauto shotgun_semiauto,,,,,,,,,,,
596,0,10,weapon_cqb,revenge_kill,CHALLENGE_WEAPON_REVENGE,2500,595,,camo_ardent,challenges,,,shotgun_fullauto shotgun_semiauto,,,,,,,,,,,
597,0,50,weapon_cqb,noAttKills,CHALLENGE_WEAPON_NOATTACHMENT,2500,595,,camo_burnt,challenges,,,shotgun_fullauto shotgun_semiauto,,,,,,,,,,,
598,0,50,weapon_cqb,loadedKills,CHALLENGE_WEAPON_LOADEDKILLS,2500,595,,camo_bliss,challenges,,,shotgun_fullauto shotgun_semiauto,,,,,,,,,,,
599,0,5,weapon_cqb,multikill_2,CHALLENGE_WEAPON_DOUBLEKILL,2500,595,,camo_artofwar_battle,challenges,,,shotgun_fullauto shotgun_semiauto,,,,,,,,,,,
600,0,5,weapon_cqb,killstreak_5,CHALLENGE_WEAPON_BLOODTHIRSTY,2500,595,,camo_chameleon,challenges,,,shotgun_fullauto shotgun_semiauto,,,,,,,,,,,
601,0,6,weapon_cqb,challenges,CHALLENGE_MASTERY_EXPERT,5000,,,camo_gold,challenges,,em_back_expert_,shotgun_fullauto shotgun_semiauto,,,,,,,1,,,,
602,0,5,weapon_sniper,kill_enemy_one_bullet_sniper,CHALLENGE_WEAPON_KILL_ENEMY_ONE_BULLET_SNIPER,250,,,camo_jungletek,,,,sniper_fastbolt sniper_fastsemi sniper_powerbolt sniper_chargeshot,,,,,,,,,,,
603,1,10,weapon_sniper,kill_enemy_one_bullet_sniper,CHALLENGE_WEAPON_KILL_ENEMY_ONE_BULLET_SNIPER,500,,,camo_ash,,,,sniper_fastbolt sniper_fastsemi sniper_powerbolt sniper_chargeshot,,,,,,,,,,,
604,2,15,weapon_sniper,kill_enemy_one_bullet_sniper,CHALLENGE_WEAPON_KILL_ENEMY_ONE_BULLET_SNIPER,750,,,camo_flectarn,,,,sniper_fastbolt sniper_fastsemi sniper_powerbolt sniper_chargeshot,,,,,,,,,,,
605,3,20,weapon_sniper,kill_enemy_one_bullet_sniper,CHALLENGE_WEAPON_KILL_ENEMY_ONE_BULLET_SNIPER,1000,,,camo_heatstroke,,,,sniper_fastbolt sniper_fastsemi sniper_powerbolt sniper_chargeshot,,,,,,,,,,,
606,4,30,weapon_sniper,kill_enemy_one_bullet_sniper,CHALLENGE_WEAPON_KILL_ENEMY_ONE_BULLET_SNIPER,1500,,,camo_snowjob,,,,sniper_fastbolt sniper_fastsemi sniper_powerbolt sniper_chargeshot,,,,,,,,,,,
607,5,40,weapon_sniper,kill_enemy_one_bullet_sniper,CHALLENGE_WEAPON_KILL_ENEMY_ONE_BULLET_SNIPER,2000,,,camo_dante,,,,sniper_fastbolt sniper_fastsemi sniper_powerbolt sniper_chargeshot,,,,,,,,,,,
608,6,50,weapon_sniper,kill_enemy_one_bullet_sniper,CHALLENGE_WEAPON_KILL_ENEMY_ONE_BULLET_SNIPER,2500,,,camo_integer,,,,sniper_fastbolt sniper_fastsemi sniper_powerbolt sniper_chargeshot,,,,,,,,,,,
609,7,75,weapon_sniper,kill_enemy_one_bullet_sniper,CHALLENGE_WEAPON_KILL_ENEMY_ONE_BULLET_SNIPER,3500,,,camo_speed6,,,,sniper_fastbolt sniper_fastsemi sniper_powerbolt sniper_chargeshot,,,,,,,,,,,
610,8,100,weapon_sniper,kill_enemy_one_bullet_sniper,CHALLENGE_WEAPON_KILL_ENEMY_ONE_BULLET_SNIPER,5000,,,camo_interpol,challenges,,,sniper_fastbolt sniper_fastsemi sniper_powerbolt sniper_chargeshot,,,,,,,,,,,
611,0,10,weapon_sniper,longshot_kill,CHALLENGE_WEAPON_LONGSHOTS,2500,610,,camo_ardent,challenges,,,sniper_fastbolt sniper_fastsemi sniper_powerbolt sniper_chargeshot,,,,,,,,,,,
612,0,50,weapon_sniper,noAttKills,CHALLENGE_WEAPON_NOATTACHMENT,2500,610,,camo_burnt,challenges,,,sniper_fastbolt sniper_fastsemi sniper_powerbolt sniper_chargeshot,,,,,,,,,,,
613,0,50,weapon_sniper,loadedKills,CHALLENGE_WEAPON_LOADEDKILLS,2500,610,,camo_bliss,challenges,,,sniper_fastbolt sniper_fastsemi sniper_powerbolt sniper_chargeshot,,,,,,,,,,,
614,0,5,weapon_sniper,multikill_2,CHALLENGE_WEAPON_DOUBLEKILL,2500,610,,camo_artofwar_battle,challenges,,,sniper_fastbolt sniper_fastsemi sniper_powerbolt sniper_chargeshot,,,,,,,,,,,
615,0,5,weapon_sniper,killstreak_5,CHALLENGE_WEAPON_BLOODTHIRSTY,2500,610,,camo_chameleon,challenges,,,sniper_fastbolt sniper_fastsemi sniper_powerbolt sniper_chargeshot,,,,,,,,,,,
616,0,6,weapon_sniper,challenges,CHALLENGE_MASTERY_EXPERT,5000,,,camo_gold,challenges,,em_back_expert_,sniper_fastbolt sniper_fastsemi sniper_powerbolt sniper_chargeshot,,,,,,,1,,,,
617,0,5,weapon_launcher,destroyed_aircraft,CHALLENGE_WEAPON_DESTROYED_AIRCRAFT,250,,,camo_jungletek,,,,launcher_standard launcher_lockonly,,,,,,,,,,,
618,1,10,weapon_launcher,destroyed_aircraft,CHALLENGE_WEAPON_DESTROYED_AIRCRAFT,500,,,camo_ash,,,,launcher_standard launcher_lockonly,,,,,,,,,,,
619,2,15,weapon_launcher,destroyed_aircraft,CHALLENGE_WEAPON_DESTROYED_AIRCRAFT,750,,,camo_flectarn,,,,launcher_standard launcher_lockonly,,,,,,,,,,,
620,3,20,weapon_launcher,destroyed_aircraft,CHALLENGE_WEAPON_DESTROYED_AIRCRAFT,1000,,,camo_heatstroke,,,,launcher_standard launcher_lockonly,,,,,,,,,,,
621,4,30,weapon_launcher,destroyed_aircraft,CHALLENGE_WEAPON_DESTROYED_AIRCRAFT,1500,,,camo_snowjob,,,,launcher_standard launcher_lockonly,,,,,,,,,,,
622,5,40,weapon_launcher,destroyed_aircraft,CHALLENGE_WEAPON_DESTROYED_AIRCRAFT,2000,,,camo_dante,,,,launcher_standard launcher_lockonly,,,,,,,,,,,
623,6,50,weapon_launcher,destroyed_aircraft,CHALLENGE_WEAPON_DESTROYED_AIRCRAFT,2500,,,camo_integer,,,,launcher_standard launcher_lockonly,,,,,,,,,,,
624,7,75,weapon_launcher,destroyed_aircraft,CHALLENGE_WEAPON_DESTROYED_AIRCRAFT,3500,,,camo_speed6,,,,launcher_standard launcher_lockonly,,,,,,,,,,,
625,8,100,weapon_launcher,destroyed_aircraft,CHALLENGE_WEAPON_DESTROYED_AIRCRAFT,5000,,,camo_interpol,challenges,,,launcher_standard launcher_lockonly,,,,,,,,,,,
626,0,10,weapon_launcher,direct_hit_kills,CHALLENGE_MILESTONE_DIRECT_HIT_KILLS,2500,625,,camo_ardent,challenges,,,launcher_standard,,,,,,,,,,,
627,0,5,weapon_launcher,destroyed_aircraft_under20s,CHALLENGE_MILESTONE_DEST_AIR_UNDER_20,2500,625,,camo_ardent,challenges,,,launcher_lockonly,,,,,,,,,,,
628,0,1,weapon_launcher,destroy_5_killstreak_vehicle,CHALLENGE_MILESTONE_DESTROY_5_KILLSTREAK,2500,625,,camo_burnt,challenges,,,launcher_standard launcher_lockonly,,,,,,,,,,,
629,0,1,weapon_launcher,destroy_2_killstreaks_rapidly,CHALLENGE_MILESTONE_DESTROY_2_KILLSTREAKS_RAPIDLY,2500,625,,camo_bliss,challenges,,,launcher_standard launcher_lockonly,,,,,,,,,,,
630,0,5,weapon_launcher,destroy_aitank_or_setinel,CHALLENGE_MILESTONE_DESTROY_AI_TANK_OR_SENTINEL,2500,625,,camo_artofwar_battle,challenges,,,launcher_standard launcher_lockonly,,,,,,,,,,,
631,0,10,weapon_launcher,destroy_turret,CHALLENGE_MILESTONE_DESTROY_TURRET,2500,625,,camo_chameleon,challenges,,,launcher_standard launcher_lockonly,,,,,,,,,,,
632,0,6,weapon_launcher,challenges,CHALLENGE_MASTERY_EXPERT,5000,,,camo_gold,challenges,,em_back_expert_,launcher_standard launcher_lockonly,,,,,,,1,,,,
633,0,10,weapon_knife,kills,CHALLENGE_COMBAT_KNIFE_KILLS,250,,,camo_jungletek,,,,knife_loadout,,,,,,,,,,,
634,1,20,weapon_knife,kills,CHALLENGE_COMBAT_KNIFE_KILLS,500,,,camo_ash,,,,knife_loadout,,,,,,,,,,,
635,2,40,weapon_knife,kills,CHALLENGE_COMBAT_KNIFE_KILLS,750,,,camo_flectarn,,,,knife_loadout,,,,,,,,,,,
636,3,60,weapon_knife,kills,CHALLENGE_COMBAT_KNIFE_KILLS,1000,,,camo_heatstroke,,,,knife_loadout,,,,,,,,,,,
637,4,80,weapon_knife,kills,CHALLENGE_COMBAT_KNIFE_KILLS,1500,,,camo_snowjob,,,,knife_loadout,,,,,,,,,,,
638,5,100,weapon_knife,kills,CHALLENGE_COMBAT_KNIFE_KILLS,2000,,,camo_dante,,,,knife_loadout,,,,,,,,,,,
639,6,120,weapon_knife,kills,CHALLENGE_COMBAT_KNIFE_KILLS,2500,,,camo_integer,,,,knife_loadout,,,,,,,,,,,
640,7,160,weapon_knife,kills,CHALLENGE_COMBAT_KNIFE_KILLS,3500,,,camo_speed6,,,,knife_loadout,,,,,,,,,,,
641,8,200,weapon_knife,kills,CHALLENGE_COMBAT_KNIFE_KILLS,5000,,,camo_interpol,challenges,,,knife_loadout,,,,,,,,,,,
642,0,10,weapon_knife,backstabber_kill,CHALLENGE_BACKSTABBER_KILL,2500,641,,camo_ardent,challenges,,,knife_loadout,,,,,,,,,,,
643,0,5,weapon_knife,kill_enemy_when_injured,CHALLENGE_KILL_ENEMY_WHEN_INJURED,2500,641,,camo_burnt,challenges,,,knife_loadout,,,,,,,,,,,
644,0,5,weapon_knife,revenge_kill,CHALLENGE_WEAPON_REVENGE,2500,641,,camo_bliss,challenges,,,knife_loadout,,,,,,,,,,,
645,0,5,weapon_knife,kill_enemy_with_their_weapon,CHALLENGE_KILL_ENEMY_WITH_THEIR_WEAPON,2500,641,,camo_artofwar_battle,challenges,,,knife_loadout,,,,,,,,,,,
646,0,5,weapon_knife,killstreak_5,CHALLENGE_WEAPON_BLOODTHIRSTY,2500,641,,camo_chameleon,challenges,,,knife_loadout,,,,,,,,,,,
647,0,6,weapon_knife,challenges,CHALLENGE_MASTERY_EXPERT,5000,,,camo_gold,challenges,,em_back_expert_,knife_loadout,,,,,,,1,,,,
648,0,49,group,challenges,CHALLENGE_MASTERY_EXPERT_GROUP,5000,,,camo_diamond,weapons_mastery_assault,,,weapon_assault,,,,,,,,1,,,
649,0,21,group,challenges,CHALLENGE_MASTERY_EXPERT_GROUP,5000,,,camo_diamond,secondary_mastery_pistol,,,weapon_pistol,,,,,,,,1,,,
650,0,42,group,challenges,CHALLENGE_MASTERY_EXPERT_GROUP,5000,,,camo_diamond,weapons_mastery_smg,,,weapon_smg,,,,,,,,1,,,
651,0,28,group,challenges,CHALLENGE_MASTERY_EXPERT_GROUP,5000,,,camo_diamond,weapons_mastery_lmg,,,weapon_lmg,,,,,,,,1,,,
652,0,28,group,challenges,CHALLENGE_MASTERY_EXPERT_GROUP,5000,,,camo_diamond,weapons_mastery_sniper,,,weapon_sniper,,,,,,,,1,,,
653,0,28,group,challenges,CHALLENGE_MASTERY_EXPERT_GROUP,5000,,,camo_diamond,weapons_mastery_cqb,,,weapon_cqb,,,,,,,,1,,,
654,0,14,group,challenges,CHALLENGE_MASTERY_EXPERT_GROUP,5000,,,camo_diamond,secondary_mastery_launcher,,,weapon_launcher,,,,,,,,1,,,
655,0,7,group,challenges,CHALLENGE_MASTERY_EXPERT_GROUP,5000,,,,secondary_mastery,,,weapon_knife,,,,,,,,1,,,
656,0,3,global,secondary_mastery,CHALLENGE_MASTERY_EXPERT_KNIFE,5000,,,camo_diamond,weapons_mastery,,,knife_loadout,,,,,,,,,,,
657,0,50,attachment,kills,CHALLENGE_MILESTONE_OPTIC_CATEGORY_KILLS,250,,,reticle_4,challenges,,,reflex acog dualoptic ir,,,,,,,,,,,
658,1,100,attachment,kills,CHALLENGE_MILESTONE_OPTIC_CATEGORY_KILLS,500,,,reticle_5,challenges,,,reflex acog dualoptic ir,,,,,,,,,,,
659,2,200,attachment,kills,CHALLENGE_MILESTONE_OPTIC_CATEGORY_KILLS,1000,,,reticle_6,challenges,,,reflex acog dualoptic ir,,,,,,,,,,,
660,3,300,attachment,kills,CHALLENGE_MILESTONE_OPTIC_CATEGORY_KILLS,2000,,,reticle_7,challenges,,,reflex acog dualoptic ir,,,,,,,,,,,
661,4,400,attachment,kills,CHALLENGE_MILESTONE_OPTIC_CATEGORY_KILLS,2500,,,reticle_8,challenges,,,reflex acog dualoptic ir,,,,,,,,,,,
662,5,500,attachment,kills,CHALLENGE_MILESTONE_OPTIC_CATEGORY_KILLS,5000,,,reticle_9,challenges,,,reflex acog dualoptic ir,,,,,,,,,,,
663,0,25,attachment,headshots,CHALLENGE_MILESTONE_OPTIC_HEADSHOTS,2500,662,,reticle_10,challenges,,,reflex acog dualoptic,,,,,,,,,,,
664,0,5,attachment,multikill_2,CHALLENGE_OPTIC_DOUBLEKILL,2500,662,,reticle_11,challenges,,,reflex acog dualoptic,,,,,,,,,,,
665,0,10,attachment,longshot_kill,CHALLENGE_OPTIC_LONGSHOTS,2500,662,,reticle_12,challenges,,,reflex acog dualoptic,,,,,,,,,,,
666,0,10,attachment,killstreak_5_attachment,CHALLENGE_OPTIC_BLOODTHIRSTY,2500,662,,reticle_13,challenges,,,reflex acog dualoptic,,,,,,,,,,,
667,0,25,attachment,headshots,CHALLENGE_MILESTONE_OPTIC_HEADSHOTS,2500,662,,reticle_10,challenges,,,ir,,,,,,,,,,,
668,0,5,attachment,multikill_2,CHALLENGE_OPTIC_DOUBLEKILL,2500,662,,reticle_11,challenges,,,ir,,,,,,,,,,,
669,0,10,attachment,longshot_kill,CHALLENGE_OPTIC_LONGSHOTS,2500,662,,reticle_12,challenges,,,ir,,,,,,,,,,,
670,0,25,attachment,kill_thermal_through_smoke,CHALLENGE_OPTIC_KILL_THERMAL_THROUGH_SMOKE,2500,662,,reticle_13,challenges,,,ir,,,,,,,,,,,
671,0,5,killstreak,kills,CHALLENGE_AIR_ASSAULT_KILLS,500,,,,,22,,killstreak_dart killstreak_remote_missile killstreak_planemortar killstreak_sentinel killstreak_helicopter_comlink killstreak_drone_strike  killstreak_helicopter_player_gunner,,,airassault,,,,,,,,
672,1,10,killstreak,kills,CHALLENGE_AIR_ASSAULT_KILLS,1000,,,,,22,,killstreak_dart killstreak_remote_missile killstreak_planemortar killstreak_sentinel killstreak_helicopter_comlink killstreak_drone_strike  killstreak_helicopter_player_gunner,,,airassault,,,,,,,,
673,2,25,killstreak,kills,CHALLENGE_AIR_ASSAULT_KILLS,2000,,,,,22,,killstreak_dart killstreak_remote_missile killstreak_planemortar killstreak_sentinel killstreak_helicopter_comlink killstreak_drone_strike  killstreak_helicopter_player_gunner,,,airassault,,,,,,,,
674,3,50,killstreak,kills,CHALLENGE_AIR_ASSAULT_KILLS,5000,,,,mastery_air_assault,22,EM_BACK_,killstreak_dart killstreak_remote_missile killstreak_planemortar killstreak_sentinel killstreak_helicopter_comlink killstreak_drone_strike  killstreak_helicopter_player_gunner,,,airassault,,,,,1,,,
675,0,10,global,kill_as_support_gunner,CHALLENGE_AIR_ASSAULT_SUPPORT_GUNNER,500,,,,mastery_air_assault,22,EM_BACK_killstreak_kill_as_support_gunner,,,,airassault,,,,,,,,
676,0,10,global,multikill_3_remote_missile,CHALLENGE_AIR_ASSAULT_MULTIKILL_REMOTE_MISSILE,1000,,,,mastery_air_assault,22,EM_BACK_killstreak_multikill_3_remote_missile,,,,airassault,,,,,,,,
677,0,25,global,kill_with_controlled_sentinel,CHALLENGE_AIR_ASSAULT_CONTROLLED_SENTINEL,1000,,,,mastery_air_assault,22,EM_BACK_killstreak_kill_with_controlled_sentinel,,,,airassault,,,,,,,,
678,0,1,global,multikill_2_objective_scorestreak_projectile,CHALLENGE_AIR_ASSAULT_MULTIKILL_2_OBJECTIVE,1000,,,,mastery_air_assault,22,EM_BACK_killstreak_multikill_2_objective_scorestreak_projectile,,,,airassault,,,,,,,,
679,0,1,global,kill_2_attackers_with_comlink,CHALLENGE_AIR_ASSAULT_KILL_2_ATTACKERS_WITH_COMLINK,1000,,,,mastery_air_assault,22,EM_BACK_killstreak_kill_2_attackers_with_comlink,,,,airassault,,,,,,,,
680,0,12,global,mastery_air_assault,CHALLENGE_MASTERY_AIR_ASSAULT,10000,,,,completed_all_challenges,22,EM_BACK_air_assault_master,,,,airassault,,1,,1,,,,
681,0,5,killstreak,kills,CHALLENGE_GROUND_ASSAULT_KILLS,500,,,,,22,,killstreak_rcbomb killstreak_auto_turret killstreak_ai_tank_drop killstreak_combat_robot killstreak_raps,,,groundassault,,,,,,,,
682,1,10,killstreak,kills,CHALLENGE_GROUND_ASSAULT_KILLS,1000,,,,,22,,killstreak_rcbomb killstreak_auto_turret killstreak_ai_tank_drop killstreak_combat_robot killstreak_raps,,,groundassault,,,,,,,,
683,2,25,killstreak,kills,CHALLENGE_GROUND_ASSAULT_KILLS,2000,,,,,22,,killstreak_rcbomb killstreak_auto_turret killstreak_ai_tank_drop killstreak_combat_robot killstreak_raps,,,groundassault,,,,,,,,
684,3,50,killstreak,kills,CHALLENGE_GROUND_ASSAULT_KILLS,5000,,,,mastery_ground_assault,22,EM_BACK_,killstreak_rcbomb killstreak_auto_turret killstreak_ai_tank_drop killstreak_combat_robot killstreak_raps,,,groundassault,,,,,1,,,
685,0,1,global,multikill_2_rcbomb,CHALLENGE_GROUND_ASSAULT_MULTIKILL_2_RCBOMB,1000,,,,mastery_ground_assault,22,EM_BACK_killstreak_multikill_2_rcbomb,,,,groundassault,,,,,,,,
686,0,1,global,kills_auto_turret_5,CHALLENGE_GROUND_ASSAULT_KILLS_AUTO_TURRET_5,1000,,,,mastery_ground_assault,22,EM_BACK_killstreak_kills_auto_turret_5,,,,groundassault,,,,,,,,
687,0,25,global,kill_with_controlled_ai_tank,CHALLENGE_GROUND_ASSAULT_KILL_WITH_CONTROLLER_AI_TANK,2500,,,,mastery_ground_assault,22,EM_BACK_killstreak_kill_with_controlled_ai_tank,,,,groundassault,,,,,,,,
688,0,25,global,kill_attacker_with_robot_or_tank,CHALLENGE_GROUND_ASSAULT_KILL_ATACKER_WITH_ROBOT_OR_TANK,2500,,,,mastery_ground_assault,22,EM_BACK_killstreak_kill_attacker_with_robot_or_tank,,,,groundassault,,,,,,,,
689,0,1,global,multikill_3_attackers_ai_tank,CHALLENGE_GROUND_ASSAULT_MULTIKILL_2_ATTACKERS_AI_TANK,1000,,,,mastery_ground_assault,22,EM_BACK_killstreak_multikill_3_attackers_ai_tank,,,,groundassault,,,,,,,,
690,0,1,global,kill_wallrunner_or_air_with_rcbomb,CHALLENGE_GROUND_ASSAULT_KILL_WALLRUNNER_OR_AIR_WITH_RCBOMB,1000,,,,mastery_ground_assault,22,EM_BACK_killstreak_kill_wallrunner_or_air_with_rcbomb,,,,groundassault,,,,,,,,
691,0,1,global,kill_enemy_who_damaged_robot,CHALLENGE_GROUND_ASSAULT_KILL_ENEMY_WHO_DAMAGED_ROBOT,1000,,,,mastery_ground_assault,22,EM_BACK_killstreak_kill_enemy_who_damaged_robot,,,,groundassault,,,,,,,,
692,0,12,global,mastery_ground_assault,CHALLENGE_MASTERY_GROUND_ASSAULT,10000,,,,completed_all_challenges,22,EM_BACK_ground_assault_master,,,,groundassault,,1,,1,,,,
693,0,25,killstreak,kills_while_active,CHALLENGE_EYES_IN_THE_SKY,500,,,,,22,,killstreak_satellite,,,support,,,,,,,,
694,1,50,killstreak,kills_while_active,CHALLENGE_EYES_IN_THE_SKY,1000,,,,,22,,killstreak_satellite,,,support,,,,,,,,
695,2,100,killstreak,kills_while_active,CHALLENGE_EYES_IN_THE_SKY,2500,,,,mastery_support,22,EM_BACK_,killstreak_satellite,,,support,,,,,1,,,
696,0,25,killstreak,kills_while_active,CHALLENGE_DOWN_AND_OUT,500,,,,,22,,killstreak_emp,,,support,,,,,,,,
697,1,50,killstreak,kills_while_active,CHALLENGE_DOWN_AND_OUT,1000,,,,,22,,killstreak_emp,,,support,,,,,,,,
698,2,100,killstreak,kills_while_active,CHALLENGE_DOWN_AND_OUT,2500,,,,mastery_support,22,EM_BACK_,killstreak_emp,,,support,,,,,1,,,
699,0,25,killstreak,kills_while_active,CHALLENGE_COUNTER_INTELLIGENCE,500,,,,,22,,killstreak_counteruav,,,support,,,,,,,,
700,1,50,killstreak,kills_while_active,CHALLENGE_COUNTER_INTELLIGENCE,1000,,,,,22,,killstreak_counteruav,,,support,,,,,,,,
701,2,100,killstreak,kills_while_active,CHALLENGE_COUNTER_INTELLIGENCE,2500,,,,mastery_support,22,EM_BACK_,killstreak_counteruav,,,support,,,,,1,,,
702,0,25,killstreak,kills_while_active,CHALLENGE_ACTIONABLE_INTEL,500,,,,,22,,killstreak_uav ,,,support,,,,,,,,
703,1,50,killstreak,kills_while_active,CHALLENGE_ACTIONABLE_INTEL,1000,,,,,22,,killstreak_uav ,,,support,,,,,,,,
704,2,100,killstreak,kills_while_active,CHALLENGE_ACTIONABLE_INTEL,2500,,,,mastery_support,22,EM_BACK_,killstreak_uav ,,,support,,,,,1,,,
705,0,25,killstreak,kills_while_active,CHALLENGE_BAKED_TO_PERFECTION,500,,,,,22,,killstreak_microwave_turret,,,support,,,,,,,,
706,1,50,killstreak,kills_while_active,CHALLENGE_BAKED_TO_PERFECTION,1000,,,,,22,,killstreak_microwave_turret,,,support,,,,,,,,
707,2,100,killstreak,kills_while_active,CHALLENGE_BAKED_TO_PERFECTION,2500,,,,mastery_support,22,EM_BACK_,killstreak_microwave_turret,,,support,,,,,1,,,
708,0,500,killstreak,assist_score,CHALLENGE_SUPPORT_ASSIST_SCORE,500,,,,,22,,killstreak_uav  killstreak_counteruav  killstreak_satellite,,,support,,,,,,,,
709,1,1000,killstreak,assist_score,CHALLENGE_SUPPORT_ASSIST_SCORE,1000,,,,,22,,killstreak_uav  killstreak_counteruav  killstreak_satellite,,,support,,,,,,,,
710,2,1500,killstreak,assist_score,CHALLENGE_SUPPORT_ASSIST_SCORE,2500,,,,,22,,killstreak_uav  killstreak_counteruav  killstreak_satellite,,,support,,,,,,,,
711,3,3000,killstreak,assist_score,CHALLENGE_SUPPORT_ASSIST_SCORE,5000,,,,mastery_support,22,EM_BACK_ASSIST_,killstreak_uav  killstreak_counteruav  killstreak_satellite,,,support,,,,,1,,,
712,0,250,killstreak,assist_score,CHALLENGE_SUPPORT_ASSIST_SCORE,500,,,,,22,,killstreak_emp,,,support,,,,,,,,
713,1,500,killstreak,assist_score,CHALLENGE_SUPPORT_ASSIST_SCORE,1000,,,,,22,,killstreak_emp,,,support,,,,,,,,
714,2,750,killstreak,assist_score,CHALLENGE_SUPPORT_ASSIST_SCORE,2500,,,,,22,,killstreak_emp,,,support,,,,,,,,
715,3,1500,killstreak,assist_score,CHALLENGE_SUPPORT_ASSIST_SCORE,5000,,,,mastery_support,22,EM_BACK_ASSIST_,killstreak_emp,,,support,,,,,1,,,
716,0,1,global,destroy_aircraft_with_emp,CHALLENGE_SUPPORT_DESTROY_AIRCRAFT_WITH_EMP,1000,,,,mastery_support,22,EM_BACK_destroy_aircraft_with_emp ,,,,support,,,,,,,,
717,0,5,global,medal_microwave_turret_kill,CHALLENGE_SUPPORT_MICROWAVE_TURRET_KILL,750,,,,mastery_support,22,EM_BACK_killstreak_medal_microwave_turret_kill,,,,support,,,,,,,,
718,0,1,global,call_in_3_care_packages,CHALLENGE_SUPPORT_CALL_IN_3_CARE_PACKAGES,1000,,,,mastery_support,22,EM_BACK_killstreak_call_in_3_care_packages,,,,support,,,,,,,,
719,0,12,global,mastery_support,CHALLENGE_MASTERY_SUPPORT,10000,,,,completed_all_challenges,22,EM_BACK_support_master,,,,support,,1,,1,,,,
720,0,5,global,destroy_turret,CHALLENGE_RETURN_DESTROY_TURRET,500,,,,,22,,,,,returnfire,,,,,,,,
721,1,10,global,destroy_turret,CHALLENGE_RETURN_DESTROY_TURRET,1000,,,,,22,,,,,returnfire,,,,,,,,
722,2,25,global,destroy_turret,CHALLENGE_RETURN_DESTROY_TURRET,2000,,,,,22,,,,,returnfire,,,,,,,,
723,3,50,global,destroy_turret,CHALLENGE_RETURN_DESTROY_TURRET,5000,,,,mastery_return_fire,22,EM_BACK_RETURNFIRE_destroy_turret,,,,returnfire,,,,,,,,
724,0,10,global,destroy_aircraft,CHALLENGE_RETURN_SHOOT_AIRCRAFT,500,,,,,22,,,,,returnfire,,,,,,,,
725,1,25,global,destroy_aircraft,CHALLENGE_RETURN_SHOOT_AIRCRAFT,1000,,,,,22,,,,,returnfire,,,,,,,,
726,2,50,global,destroy_aircraft,CHALLENGE_RETURN_SHOOT_AIRCRAFT,2000,,,,,22,,,,,returnfire,,,,,,,,
727,3,100,global,destroy_aircraft,CHALLENGE_RETURN_SHOOT_AIRCRAFT,5000,,,,mastery_return_fire,22,EM_BACK_RETURNFIRE_destroy_aircraft,,,,returnfire,,,,,,,,
728,0,5,global,MEDAL_DESTROYED_HIGH_ALTITUDE_VSAT,CHALLENGE_RETURN_DESTROYED_HIGH_ALTITUDE_VSAT,1000,,,,mastery_return_fire,25,EM_BACK_RETURNFIRE_destroyed_vsat,,,,returnfire,,,,,,,,
729,0,5,global,MEDAL_DESTROYED_EMP,CHALLENGE_RETURN_DESTROYED_EMP,1000,,,,mastery_return_fire,25,EM_BACK_RETURNFIRE_destroyed_emp,,,,returnfire,,,,,,,,
730,0,10,global,MEDAL_DESTROYED_SENTINEL,CHALLENGE_RETURN_DESTOYRED_SENTINEL,1000,,,,mastery_return_fire,25,EM_BACK_RETURNFIRE_destroyed_sentinel,,,,returnfire,,,,,,,,
731,0,10,global,MEDAL_DESTROYED_AITANK,CHALLENGE_RETURN_DESTRYOED_AITANK,1000,,,,mastery_return_fire,25,EM_BACK_RETURNFIRE_destroyed_aitank,,,,returnfire,,,,,,,,
732,0,5,global,MEDAL_DESTROYED_HOVER_RCXD,CHALLENGE_RETURN_DESTROYED_HOVER_RCXD,1000,,,,mastery_return_fire,25,EM_BACK_RETURNFIRE_destroyed_rcxd,,,,returnfire,,,,,,,,
733,0,1,global,destroy_raps_before_drop,CHALLENGE_RETURN_DESTORY_RAPS_BEFORE_DROP,1000,,,,mastery_return_fire,25,EM_BACK_RETURNFIRE_destroy_raps_before_drop,,,,returnfire,,,,,,,,
734,0,5,global,destroy_scorestreak_with_specialist,CHALLENGE_RETURN_DESTROY_SCORESTREAK_WITH_SPECIALIST,1000,,,,mastery_return_fire,25,EM_BACK_RETURNFIRE_destroy_scorestreak_with_specialist,,,,returnfire,,,,,,,,
735,0,5,global,shoot_down_sentinel,CHALLENGE_RETURN_SHOOT_DOWN_SENTINEL,2000,,,,mastery_return_fire,25,EM_BACK_RETURNFIRE_shoot_down_sentinel,,,,returnfire,,,,,,,,
736,0,10,global,capture_enemy_carepackage,CHALLENGE_RETURN_CAPTURE_ENEMY_CAREPACKAGE,1000,,,,mastery_return_fire,25,EM_BACK_RETURNFIRE_capture_enemy_carepackage,,,,returnfire,,,,,,,,
737,0,10,global,destroy_scorestreak_with_dart,CHALLENGE_RETURN_DESTROY_SCORESTREAK_WITH_DART,1000,,,,mastery_return_fire,25,EM_BACK_RETURNFIRE_destroy_scorestreak_with_dart,,,,returnfire,,,,,,,,
738,0,12,global,mastery_return_fire,CHALLENGE_MASTERY_RETURN_FIRE,10000,,,,completed_all_challenges,25,EM_BACK_RETURNFIRE_master,,,,returnfire,,1,,1,,,,
739,0,10,weapon_knife,kills,CHALLENGE_COMBAT_KNIFE_KILLS,250,,,camo_jungletek,,,,melee_knuckles melee_butterfly melee_wrench melee_sword melee_crowbar melee_bat melee_dagger melee_bowie melee_mace melee_fireaxe melee_boneglass melee_improvise melee_shockbaton melee_nunchuks melee_boxing melee_katana melee_shovel melee_prosthetic melee_chainsaw melee_crescent,,,,,,,,,,,
740,1,20,weapon_knife,kills,CHALLENGE_COMBAT_KNIFE_KILLS,500,,,camo_ash,,,,melee_knuckles melee_butterfly melee_wrench melee_sword melee_crowbar melee_bat melee_dagger melee_bowie melee_mace melee_fireaxe melee_boneglass melee_improvise melee_shockbaton melee_nunchuks melee_boxing melee_katana melee_shovel melee_prosthetic melee_chainsaw melee_crescent,,,,,,,,,,,
741,2,40,weapon_knife,kills,CHALLENGE_COMBAT_KNIFE_KILLS,750,,,camo_flectarn,,,,melee_knuckles melee_butterfly melee_wrench melee_sword melee_crowbar melee_bat melee_dagger melee_bowie melee_mace melee_fireaxe melee_boneglass melee_improvise melee_shockbaton melee_nunchuks melee_boxing melee_katana melee_shovel melee_prosthetic melee_chainsaw melee_crescent,,,,,,,,,,,
742,3,60,weapon_knife,kills,CHALLENGE_COMBAT_KNIFE_KILLS,1000,,,camo_heatstroke,,,,melee_knuckles melee_butterfly melee_wrench melee_sword melee_crowbar melee_bat melee_dagger melee_bowie melee_mace melee_fireaxe melee_boneglass melee_improvise melee_shockbaton melee_nunchuks melee_boxing melee_katana melee_shovel melee_prosthetic melee_chainsaw melee_crescent,,,,,,,,,,,
743,4,80,weapon_knife,kills,CHALLENGE_COMBAT_KNIFE_KILLS,1500,,,camo_snowjob,,,,melee_knuckles melee_butterfly melee_wrench melee_sword melee_crowbar melee_bat melee_dagger melee_bowie melee_mace melee_fireaxe melee_boneglass melee_improvise melee_shockbaton melee_nunchuks melee_boxing melee_katana melee_shovel melee_prosthetic melee_chainsaw melee_crescent,,,,,,,,,,,
744,5,100,weapon_knife,kills,CHALLENGE_COMBAT_KNIFE_KILLS,2000,,,camo_dante,,,,melee_knuckles melee_butterfly melee_wrench melee_sword melee_crowbar melee_bat melee_dagger melee_bowie melee_mace melee_fireaxe melee_boneglass melee_improvise melee_shockbaton melee_nunchuks melee_boxing melee_katana melee_shovel melee_prosthetic melee_chainsaw melee_crescent,,,,,,,,,,,
745,6,120,weapon_knife,kills,CHALLENGE_COMBAT_KNIFE_KILLS,2500,,,camo_integer,,,,melee_knuckles melee_butterfly melee_wrench melee_sword melee_crowbar melee_bat melee_dagger melee_bowie melee_mace melee_fireaxe melee_boneglass melee_improvise melee_shockbaton melee_nunchuks melee_boxing melee_katana melee_shovel melee_prosthetic melee_chainsaw melee_crescent,,,,,,,,,,,
746,7,160,weapon_knife,kills,CHALLENGE_COMBAT_KNIFE_KILLS,3500,,,camo_speed6,,,,melee_knuckles melee_butterfly melee_wrench melee_sword melee_crowbar melee_bat melee_dagger melee_bowie melee_mace melee_fireaxe melee_boneglass melee_improvise melee_shockbaton melee_nunchuks melee_boxing melee_katana melee_shovel melee_prosthetic melee_chainsaw melee_crescent,,,,,,,,,,,
747,8,200,weapon_knife,kills,CHALLENGE_COMBAT_KNIFE_KILLS,5000,,,camo_interpol,challenges_tu,,,melee_knuckles melee_butterfly melee_wrench melee_sword melee_crowbar melee_bat melee_dagger melee_bowie melee_mace melee_fireaxe melee_boneglass melee_improvise melee_shockbaton melee_nunchuks melee_boxing melee_katana melee_shovel melee_prosthetic melee_chainsaw melee_crescent,,,,,,,,,,,
748,0,10,weapon_knife,backstabber_kill,CHALLENGE_BACKSTABBER_KILL,2500,747,,camo_ardent,challenges_tu,,,melee_knuckles melee_butterfly melee_wrench melee_sword melee_crowbar melee_bat melee_dagger melee_bowie melee_mace melee_fireaxe melee_boneglass melee_improvise melee_shockbaton melee_nunchuks melee_boxing melee_katana melee_shovel melee_prosthetic melee_chainsaw melee_crescent,,,,,,,,,,,
749,0,5,weapon_knife,kill_enemy_when_injured,CHALLENGE_KILL_ENEMY_WHEN_INJURED,2500,747,,camo_burnt,challenges_tu,,,melee_knuckles melee_butterfly melee_wrench melee_sword melee_crowbar melee_bat melee_dagger melee_bowie melee_mace melee_fireaxe melee_boneglass melee_improvise melee_shockbaton melee_nunchuks melee_boxing melee_katana melee_shovel melee_prosthetic melee_chainsaw melee_crescent,,,,,,,,,,,
750,0,5,weapon_knife,revenge_kill,CHALLENGE_WEAPON_REVENGE,2500,747,,camo_bliss,challenges_tu,,,melee_knuckles melee_butterfly melee_wrench melee_sword melee_crowbar melee_bat melee_dagger melee_bowie melee_mace melee_fireaxe melee_boneglass melee_improvise melee_shockbaton melee_nunchuks melee_boxing melee_katana melee_shovel melee_prosthetic melee_chainsaw melee_crescent,,,,,,,,,,,
751,0,5,weapon_knife,kill_enemy_with_their_weapon,CHALLENGE_KILL_ENEMY_WITH_THEIR_WEAPON,2500,747,,camo_artofwar_battle,challenges_tu,,,melee_knuckles melee_butterfly melee_wrench melee_sword melee_crowbar melee_bat melee_dagger melee_bowie melee_mace melee_fireaxe melee_boneglass melee_improvise melee_shockbaton melee_nunchuks melee_boxing melee_katana melee_shovel melee_prosthetic melee_chainsaw melee_crescent,,,,,,,,,,,
752,0,5,weapon_knife,killstreak_5,CHALLENGE_WEAPON_BLOODTHIRSTY,2500,747,,camo_chameleon,challenges_tu,,,melee_knuckles melee_butterfly melee_wrench melee_sword melee_crowbar melee_bat melee_dagger melee_bowie melee_mace melee_fireaxe melee_boneglass melee_improvise melee_shockbaton melee_nunchuks melee_boxing melee_katana melee_shovel melee_prosthetic melee_chainsaw melee_crescent,,,,,,,,,,,
753,0,6,weapon_knife,challenges_tu,CHALLENGE_MASTERY_EXPERT,5000,,,camo_gold,challenges_tu,,em_back_expert_,melee_knuckles melee_butterfly melee_wrench melee_sword melee_crowbar melee_bat melee_dagger melee_bowie melee_mace melee_fireaxe melee_boneglass melee_improvise melee_shockbaton melee_nunchuks melee_boxing melee_katana melee_shovel melee_prosthetic melee_chainsaw melee_crescent,,,,,,,1,,,,
754,0,7,weapon_knife,challenges_tu,CHALLENGE_EMPTY_STRING,0,,,,melee_knuckles_gold,,,melee_knuckles,,,,,,,,1,,,
755,0,7,weapon_knife,challenges_tu,CHALLENGE_EMPTY_STRING,0,,,,melee_butterfly_gold,,,melee_butterfly,,,,,,,,1,,,
756,0,7,weapon_knife,challenges_tu,CHALLENGE_EMPTY_STRING,0,,,,melee_wrench_gold,,,melee_wrench,,,,,,,,1,,,
757,0,3,global,secondary_mastery,CHALLENGE_EMPTY_STRING,0,,,,melee_knuckles_for_diamond,,,melee_knuckles,,,,,,,,,,,
758,0,3,global,secondary_mastery,CHALLENGE_EMPTY_STRING,0,,,,melee_butterfly_for_diamond,,,melee_butterfly,,,,,,,,,,,
759,0,3,global,secondary_mastery,CHALLENGE_EMPTY_STRING,0,,,,melee_wrench_for_diamond,,,melee_wrench,,,,,,,,,,,
760,0,1,global,weapons_mastery_assault,CHALLENGE_EMPTY_STRING,0,,,,weapons_mastery,,,weapon_assault,,,,,,,,1,,,
761,0,1,global,secondary_mastery_pistol,CHALLENGE_EMPTY_STRING,0,,,,secondary_mastery,,,weapon_pistol,,,,,,,,1,,,
762,0,1,global,weapons_mastery_smg,CHALLENGE_EMPTY_STRING,0,,,,weapons_mastery,,,weapon_smg,,,,,,,,1,,,
763,0,1,global,weapons_mastery_lmg,CHALLENGE_EMPTY_STRING,0,,,,weapons_mastery,,,weapon_lmg,,,,,,,,1,,,
764,0,1,global,weapons_mastery_sniper,CHALLENGE_EMPTY_STRING,0,,,,weapons_mastery,,,weapon_sniper,,,,,,,,1,,,
765,0,1,global,weapons_mastery_cqb,CHALLENGE_EMPTY_STRING,0,,,,weapons_mastery,,,weapon_cqb,,,,,,,,1,,,
766,0,1,global,secondary_mastery_launcher,CHALLENGE_EMPTY_STRING,0,,,,secondary_mastery,,,weapon_launcher,,,,,,,,1,,,
